"","GEOID","CSAFP","CBSAFP","NAME","NAMELSAD","LSAD","MEMI","MTFCC","ALAND","AWATER","INTPTLAT","INTPTLON","ENTRE","IMMIG","ImmiEnter","ind2","TOTAL","INDUS","IMMIGRate","EntreRate","ImmigOwnEntreRate"
"1",39820,454,39820,"Redding, CA","Redding, CA Metro Area","M1",1,"G3110",9778188572,186530168,40.7605142,-122.0435556,23,25,7,4690,496,10,5.04032258064516,4.63709677419355,1.41129032258065
"2",40140,348,40140,"Riverside-San Bernardino-Ontario, CA","Riverside-San Bernardino-Ontario, CA Metro Area","M1",1,"G3110",70612017093,374752982,34.5375344,-116.1309212,530,2519,196,770,8586,10,29.3384579548102,6.17283950617284,2.28278593058467
"3",40420,466,40420,"Rockford, IL","Rockford, IL Metro Area","M1",1,"G3110",2056847303,18446904,42.331183,-89.0429139,58,63,4,770,649,10,9.70724191063174,8.93682588597843,0.61633281972265
"4",43900,273,43900,"Spartanburg, SC","Spartanburg, SC Metro Area","M1",1,"G3110",3424313941,34016289,34.8346199,-81.8424008,54,79,9,770,928,10,8.51293103448276,5.81896551724138,0.969827586206897
"5",45060,532,45060,"Syracuse, NY","Syracuse, NY Metro Area","M1",1,"G3110",6176907940,1020646108,43.0065163,-76.1961336,69,111,4,770,1362,10,8.14977973568282,5.06607929515418,0.293685756240822
"6",42220,488,42220,"Santa Rosa, CA","Santa Rosa, CA Metro Area","M1",1,"G3110",4081401191,497545934,38.5251824,-122.9261095,85,181,28,770,902,10,20.0665188470067,9.42350332594235,3.10421286031042
"7",41420,440,41420,"Salem, OR","Salem, OR Metro Area","M1",1,"G3110",4977573456,34719240,44.9033845,-122.9017571,43,231,8,7770,1266,10,18.2464454976303,3.39652448657188,0.631911532385466
"8",41860,488,41860,"San Francisco-Oakland-Hayward, CA","San Francisco-Oakland-Hayward, CA Metro Area","M1",1,"G3110",6417203879,2456442138,37.7737185,-122.2744317,802,3630,290,770,9622,10,37.7260444813968,8.33506547495323,3.01392641862399
"9",42100,488,42100,"Santa Cruz-Watsonville, CA","Santa Cruz-Watsonville, CA Metro Area","M1",1,"G3110",1152967332,419570851,37.0124883,-122.007205,53,103,9,770,660,10,15.6060606060606,8.03030303030303,1.36363636363636
"10",42660,500,42660,"Seattle-Tacoma-Bellevue, WA","Seattle-Tacoma-Bellevue, WA Metro Area","M1",1,"G3110",15209110951,1132535454,47.5530503,-121.8831653,620,2206,174,770,9044,10,24.3918620079611,6.85537372843874,1.92392746572313
"11",41940,488,41940,"San Jose-Sunnyvale-Santa Clara, CA","San Jose-Sunnyvale-Santa Clara, CA Metro Area","M1",1,"G3110",6938387443,40386344,36.9084718,-121.3713721,259,1853,109,8980,3947,10,46.9470483911832,6.56194578160628,2.7615910818343
"12",41500,NA,41500,"Salinas, CA","Salinas, CA Metro Area","M1",1,"G3110",8496731189,1270747397,36.240107,-121.3155723,54,339,16,8770,841,10,40.3091557669441,6.42092746730083,1.90249702734839
"13",44700,488,44700,"Stockton-Lodi, CA","Stockton-Lodi, CA Metro Area","M1",1,"G3110",3603647025,91127543,37.9349815,-121.272244,95,503,26,770,1458,10,34.4993141289438,6.51577503429355,1.78326474622771
"14",40900,472,40900,"Sacramento--Roseville--Arden-Arcade, CA","Sacramento--Roseville--Arden-Arcade, CA Metro Area","M1",1,"G3110",13195191548,548573735,38.7896779,-121.0057504,300,1043,71,770,4562,10,22.862779482683,6.57606313020605,1.55633494081543
"15",42020,NA,42020,"San Luis Obispo-Paso Robles-Arroyo Grande, CA","San Luis Obispo-Paso Robles-Arroyo Grande, CA Metro Area","M1",1,"G3110",8548549787,815580311,35.3852263,-120.4475418,53,57,3,7280,514,10,11.0894941634241,10.3112840466926,0.583657587548638
"16",42200,NA,42200,"Santa Maria-Santa Barbara, CA","Santa Maria-Santa Barbara, CA Metro Area","M1",1,"G3110",7083927512,2729816973,34.5370572,-120.0399729,45,264,3,7070,793,10,33.2912988650694,5.67465321563682,0.378310214375788
"17",42200,NA,42200,"Santa Maria-Santa Barbara, CA","Santa Maria-Santa Barbara, CA Metro Area","M1",1,"G3110",7083927512,2729816973,34.5370572,-120.0399729,45,264,3,1990,793,10,33.2912988650694,5.67465321563682,0.378310214375788
"18",42200,NA,42200,"Santa Maria-Santa Barbara, CA","Santa Maria-Santa Barbara, CA Metro Area","M1",1,"G3110",7083927512,2729816973,34.5370572,-120.0399729,45,264,3,6990,793,10,33.2912988650694,5.67465321563682,0.378310214375788
"19",44060,518,44060,"Spokane-Spokane Valley, WA","Spokane-Spokane Valley, WA Metro Area","M1",1,"G3110",14611513157,272295323,48.1890407,-117.5732186,95,42,6,770,1295,10,3.24324324324324,7.33590733590734,0.463320463320463
"20",41740,NA,41740,"San Diego-Carlsbad, CA","San Diego-Carlsbad, CA Metro Area","M1",1,"G3110",10895227071,826282961,33.0236041,-116.7761174,547,2015,184,770,6891,10,29.2410390364243,7.93789000145117,2.67014947032361
"21",41100,NA,41100,"St. George, UT","St. George, UT Metro Area","M1",1,"G3110",6285672118,9134289,37.2625308,-113.4878003,49,56,2,770,632,10,8.86075949367089,7.75316455696202,0.316455696202532
"22",41100,NA,41100,"St. George, UT","St. George, UT Metro Area","M1",1,"G3110",6285672118,9134289,37.2625308,-113.4878003,49,56,2,7070,632,10,8.86075949367089,7.75316455696202,0.316455696202532
"23",41620,482,41620,"Salt Lake City, UT","Salt Lake City, UT Metro Area","M1",1,"G3110",19901615700,1055940277,40.5727871,-112.9531375,360,842,64,770,5406,10,15.575286718461,6.65926748057714,1.18386977432482
"24",42140,106,42140,"Santa Fe, NM","Santa Fe, NM Metro Area","M1",1,"G3110",4945412532,3645423,35.5143241,-105.9657706,110,272,29,770,992,10,27.4193548387097,11.0887096774194,2.92338709677419
"25",41700,NA,41700,"San Antonio-New Braunfels, TX","San Antonio-New Braunfels, TX Metro Area","M1",1,"G3110",18939886213,150518692,29.4330599,-98.6069734,291,719,68,770,4477,10,16.059861514407,6.49988831807014,1.51887424614697
"26",43620,NA,43620,"Sioux Falls, SD","Sioux Falls, SD Metro Area","M1",1,"G3110",6671079051,27077952,43.4954205,-96.9953387,311,202,8,770,3598,10,5.61423012784881,8.64369093941078,0.222345747637576
"27",43300,206,43300,"Sherman-Denison, TX","Sherman-Denison, TX Metro Area","M1",1,"G3110",2415989108,120124595,33.6245321,-96.6757378,35,26,4,770,499,10,5.21042084168337,7.01402805611222,0.801603206412826
"28",43340,NA,43340,"Shreveport-Bossier City, LA","Shreveport-Bossier City, LA Metro Area","M1",1,"G3110",8257355725,324450049,32.4906379,-93.6711914,87,31,2,770,1856,10,1.67025862068966,4.6875,0.107758620689655
"29",44180,520,44180,"Springfield, MO","Springfield, MO Metro Area","M1",1,"G3110",7787627619,35981602,37.3608699,-93.1802617,83,47,8,770,983,10,4.78128179043744,8.44354018311292,0.81383519837233
"30",44180,520,44180,"Springfield, MO","Springfield, MO Metro Area","M1",1,"G3110",7787627619,35981602,37.3608699,-93.1802617,83,47,8,8470,983,10,4.78128179043744,8.44354018311292,0.81383519837233
"31",41180,476,41180,"St. Louis, MO-IL","St. Louis, MO-IL Metro Area","M1",1,"G3110",20366579725,565384553,38.7404035,-90.3459564,322,406,12,770,5978,10,6.79156908665105,5.3864168618267,0.200736032117765
"32",44100,522,44100,"Springfield, IL","Springfield, IL Metro Area","M1",1,"G3110",3063280701,25218803,39.828565,-89.6962052,46,25,0,7390,633,10,3.94944707740916,7.26698262243286,0
"33",43780,515,43780,"South Bend-Mishawaka, IN-MI","South Bend-Mishawaka, IN-MI Metro Area","M1",1,"G3110",2455267304,56251230,41.7749808,-86.1230143,17,19,0,770,596,10,3.18791946308725,2.85234899328859,0
"34",40980,474,40980,"Saginaw, MI","Saginaw, MI Metro Area","M1",1,"G3110",2073181634,40159719,43.3282667,-84.05541,14,28,0,7280,359,10,7.79944289693593,3.89972144846797,0
"35",42340,496,42340,"Savannah, GA","Savannah, GA Metro Area","M1",1,"G3110",3477941518,587429320,32.1091449,-81.2730939,51,81,6,7970,951,10,8.51735015772871,5.36277602523659,0.630914826498423
"36",40220,NA,40220,"Roanoke, VA","Roanoke, VA Metro Area","M1",1,"G3110",4839992437,72598010,37.2862262,-79.9469346,10,60,2,770,428,10,14.018691588785,2.33644859813084,0.467289719626168
"37",39580,450,39580,"Raleigh, NC","Raleigh, NC Metro Area","M1",1,"G3110",5485858939,75685838,35.7567464,-78.4604412,170,462,32,770,3087,10,14.9659863945578,5.50696469063816,1.03660511823777
"38",40380,464,40380,"Rochester, NY","Rochester, NY Metro Area","M1",1,"G3110",8459597611,5126899048,43.148038,-77.5232575,130,140,12,770,2159,10,6.48448355720241,6.02130616025938,0.555812876331635
"39",40060,NA,40060,"Richmond, VA","Richmond, VA Metro Area","M1",1,"G3110",11852491242,327650578,37.4634618,-77.4751772,111,314,19,770,2513,10,12.4950258654994,4.41703143653004,0.756068444090728
"40",39740,428,39740,"Reading, PA","Reading, PA Metro Area","M1",1,"G3110",2218040257,24252061,40.4139565,-75.9268598,31,76,7,770,743,10,10.228802153432,4.17227456258412,0.942126514131898
"41",42540,NA,42540,"Scranton--Wilkes-Barre--Hazleton, PA","Scranton--Wilkes-Barre--Hazleton, PA Metro Area","M1",1,"G3110",4523197900,77170603,41.3228806,-75.8981877,51,85,13,770,1049,10,8.10295519542421,4.86177311725453,1.23927550047664
"42",41540,NA,41540,"Salisbury, MD-DE","Salisbury, MD-DE Metro Area","M1",1,"G3110",5435122260,2080604052,38.3995211,-75.4782615,153,276,13,770,2337,10,11.8100128369705,6.54685494223363,0.556268720581943
"43",44140,521,44140,"Springfield, MA","Springfield, MA Metro Area","M1",1,"G3110",2964007223,90781029,42.2477995,-72.6320465,110,164,0,770,1717,10,9.55154338963308,6.4065230052417,0
"44",48660,NA,48660,"Wichita Falls, TX","Wichita Falls, TX Metro Area","M1",1,"G3110",6784779872,144176905,33.7761441,-98.5019073,23,44,7,770,485,4,9.07216494845361,4.74226804123711,1.44329896907216
"45",48140,554,48140,"Wausau, WI","Wausau, WI Metro Area","M1",1,"G3110",4001539245,81145909,44.8980363,-89.757823,11,8,0,770,339,4,2.3598820058997,3.24483775811209,0
"46",45300,NA,45300,"Tampa-St. Petersburg-Clearwater, FL","Tampa-St. Petersburg-Clearwater, FL Metro Area","M1",1,"G3110",6512932308,2115146547,28.1259071,-82.4652858,384,1199,71,770,6349,10,18.8848637580721,6.04819656638841,1.11828634430619
"47",49340,148,49340,"Worcester, MA-CT","Worcester, MA-CT Metro Area","M1",1,"G3110",5240884091,199162317,42.2173112,-71.9255354,170,496,42,770,2713,4,18.2823442683376,6.2661260597125,1.54810173239956
"48",46520,NA,46520,"Urban Honolulu, HI","Urban Honolulu, HI Metro Area","M1",1,"G3110",1555505156,4054940027,21.4613654,-158.201974,498,2382,167,770,9531,10,24.9921309411394,5.22505508341202,1.75217710628475
"49",46700,488,46700,"Vallejo-Fairfield, CA","Vallejo-Fairfield, CA Metro Area","M1",1,"G3110",2128379537,218647641,38.2672255,-121.939594,49,173,5,770,791,10,21.8710493046776,6.19469026548673,0.632111251580278
"50",47300,546,47300,"Visalia-Porterville, CA","Visalia-Porterville, CA Metro Area","M1",1,"G3110",12494776875,37391591,36.2288241,-118.781061,41,365,5,7390,857,10,42.5904317386231,4.78413068844807,0.58343057176196
"51",49740,NA,49740,"Yuma, AZ","Yuma, AZ Metro Area","M1",1,"G3110",14281191792,13171316,32.7739424,-113.910905,21,271,9,8980,672,13,40.327380952381,3.125,1.33928571428571
"52",46060,536,46060,"Tucson, AZ","Tucson, AZ Metro Area","M1",1,"G3110",23794325411,5273054,32.1285226,-111.7830267,126,306,31,770,1992,10,15.3614457831325,6.32530120481928,1.55622489959839
"53",48620,556,48620,"Wichita, KS","Wichita, KS Metro Area","M1",1,"G3110",12981364606,92855414,37.6298308,-97.3988319,148,309,9,770,2452,4,12.6019575856444,6.03588907014682,0.367047308319739
"54",47380,NA,47380,"Waco, TX","Waco, TX Metro Area","M1",1,"G3110",4668694471,81529872,31.4272264,-97.0934727,23,91,4,770,466,10,19.5278969957082,4.93562231759657,0.858369098712446
"55",46140,538,46140,"Tulsa, OK","Tulsa, OK Metro Area","M1",1,"G3110",16237998497,493550071,36.2541502,-96.1749783,227,404,36,770,3345,10,12.0777279521674,6.78624813153961,1.0762331838565
"56",45820,NA,45820,"Topeka, KS","Topeka, KS Metro Area","M1",1,"G3110",8372470747,148307399,39.0413888,-95.8026393,23,61,2,770,808,10,7.54950495049505,2.84653465346535,0.247524752475248
"57",46340,540,46340,"Tyler, TX","Tyler, TX Metro Area","M1",1,"G3110",2386700344,73067567,32.3751061,-95.2687428,28,79,14,770,490,10,16.1224489795918,5.71428571428571,2.85714285714286
"58",47940,NA,47940,"Waterloo-Cedar Falls, IA","Waterloo-Cedar Falls, IA Metro Area","M1",1,"G3110",3893008619,28167535,42.5367962,-92.471608,50,56,8,770,800,4,7,6.25,1
"59",45460,NA,45460,"Terre Haute, IN","Terre Haute, IN Metro Area","M1",1,"G3110",3794391201,51269526,39.392389,-87.3470958,21,9,0,7770,496,10,1.81451612903226,4.23387096774194,0
"60",45220,533,45220,"Tallahassee, FL","Tallahassee, FL Metro Area","M1",1,"G3110",6184050070,556601745,30.3864276,-84.2804098,41,33,2,770,765,10,4.31372549019608,5.35947712418301,0.261437908496732
"61",45780,534,45780,"Toledo, OH","Toledo, OH Metro Area","M1",1,"G3110",3531467479,673611709,41.5439974,-83.6908887,40,13,0,5580,1045,10,1.24401913875598,3.82775119617225,0
"62",47580,356,47580,"Warner Robins, GA","Warner Robins, GA Metro Area","M1",1,"G3110",2006923538,19556095,32.4015944,-83.6350953,26,16,5,770,356,10,4.49438202247191,7.30337078651685,1.40449438202247
"63",49660,566,49660,"Youngstown-Warren-Boardman, OH-PA","Youngstown-Warren-Boardman, OH-PA Metro Area","M1",1,"G3110",4409156947,108718491,41.2363015,-80.5618679,50,19,4,8770,1225,13,1.55102040816327,4.08163265306122,0.326530612244898
"64",49180,268,49180,"Winston-Salem, NC","Winston-Salem, NC Metro Area","M1",1,"G3110",5201851143,80932198,36.0788515,-80.3450642,48,138,9,7070,1266,9,10.9004739336493,3.7914691943128,0.710900473933649
"65",49020,548,49020,"Winchester, VA-WV","Winchester, VA-WV Metro Area","M1",1,"G3110",2753436712,16216599,39.2729744,-78.4718276,31,58,1,770,491,4,11.8126272912424,6.31364562118126,0.203665987780041
"66",47900,548,47900,"Washington-Arlington-Alexandria, DC-VA-MD-WV","Washington-Arlington-Alexandria, DC-VA-MD-WV Metro Area","M1",1,"G3110",16178106918,1124017724,38.8169283,-77.4482275,1511,6291,417,7390,27297,10,23.0464886251236,5.53540682126241,1.52764040004396
"67",48700,558,48700,"Williamsport, PA","Williamsport, PA Metro Area","M1",1,"G3110",3182060991,39457017,41.3436196,-77.0552254,34,10,0,7770,511,11,1.95694716242661,6.65362035225049,0
"68",49620,276,49620,"York-Hanover, PA","York-Hanover, PA Metro Area","M1",1,"G3110",2341884216,16941833,39.9217514,-76.7288887,35,51,0,8590,800,13,6.375,4.375,0
"69",47260,545,47260,"Virginia Beach-Norfolk-Newport News, VA-NC","Virginia Beach-Norfolk-Newport News, VA-NC Metro Area","M1",1,"G3110",6972345097,3214108085,36.8560812,-76.3737908,142,288,14,770,3163,10,9.10527979766045,4.48940878912425,0.442617767941827
"70",48060,NA,48060,"Watertown-Fort Drum, NY","Watertown-Fort Drum, NY Metro Area","M1",1,"G3110",3285858287,1524359917,43.9965164,-76.0529023,16,30,0,770,622,4,4.82315112540193,2.57234726688103,0
"71",46540,NA,46540,"Utica-Rome, NY","Utica-Rome, NY Metro Area","M1",1,"G3110",6795981620,237487618,43.3322887,-75.173169,33,30,6,6170,601,10,4.99168053244592,5.49084858569052,0.998336106489185
"72",47220,428,47220,"Vineland-Bridgeton, NJ","Vineland-Bridgeton, NJ Metro Area","M1",1,"G3110",1252937239,502091171,39.3283874,-75.1216435,3,58,2,7690,233,10,24.8927038626609,1.28755364806867,0.858369098712446
"73",45940,408,45940,"Trenton, NJ","Trenton, NJ Metro Area","M1",1,"G3110",581629671,11189320,40.2825027,-74.703724,32,239,8,7270,686,10,34.8396501457726,4.66472303206997,1.16618075801749
"74",36420,416,36420,"Oklahoma City, OK","Oklahoma City, OK Metro Area","M1",1,"G3110",14275025160,181554378,35.4309676,-97.5069659,359,432,54,770,4462,10,9.68175705961452,8.04571940833707,1.21021963245182
"75",39540,376,39540,"Racine, WI","Racine, WI Metro Area","M1",1,"G3110",861267826,1190381792,42.7540747,-87.414676,19,44,4,1590,530,10,8.30188679245283,3.58490566037736,0.754716981132076
"76",38900,440,38900,"Portland-Vancouver-Hillsboro, OR-WA","Portland-Vancouver-Hillsboro, OR-WA Metro Area","M1",1,"G3110",17311313130,356212910,45.6006204,-122.4843457,686,1231,122,770,7900,10,15.5822784810127,8.68354430379747,1.54430379746835
"77",34580,500,34580,"Mount Vernon-Anacortes, WA","Mount Vernon-Anacortes, WA Metro Area","M1",1,"G3110",4483833372,489315214,48.4932917,-121.8157703,58,84,12,7770,776,10,10.8247422680412,7.47422680412371,1.54639175257732
"78",37100,348,37100,"Oxnard-Thousand Oaks-Ventura, CA","Oxnard-Thousand Oaks-Ventura, CA Metro Area","M1",1,"G3110",4773381391,945947791,34.3587415,-119.1331432,138,378,33,7890,1565,10,24.1533546325879,8.81789137380192,2.10862619808307
"79",36260,482,36260,"Ogden-Clearfield, UT","Ogden-Clearfield, UT Metro Area","M1",1,"G3110",18725460886,3639530112,41.6218833,-113.0436525,177,237,9,770,2926,10,8.09979494190021,6.04921394395079,0.307587149692413
"80",39140,NA,39140,"Prescott, AZ","Prescott, AZ Metro Area","M1",1,"G3110",21039920080,11501575,34.6312117,-112.5773855,47,40,7,770,427,10,9.36768149882904,11.0070257611241,1.63934426229508
"81",39340,482,39340,"Provo-Orem, UT","Provo-Orem, UT Metro Area","M1",1,"G3110",13973702153,400847890,39.872067,-112.3590592,174,278,17,770,2629,10,10.5743628756181,6.61848611639407,0.646633701027006
"82",39340,482,39340,"Provo-Orem, UT","Provo-Orem, UT Metro Area","M1",1,"G3110",13973702153,400847890,39.872067,-112.3590592,174,278,17,7070,2629,10,10.5743628756181,6.61848611639407,0.646633701027006
"83",38060,NA,38060,"Phoenix-Mesa-Scottsdale, AZ","Phoenix-Mesa-Scottsdale, AZ Metro Area","M1",1,"G3110",37723752759,86675785,33.1857653,-112.0678624,635,1829,175,770,9124,10,20.0460324419114,6.9596668128014,1.91801841297676
"84",36220,372,36220,"Odessa, TX","Odessa, TX Metro Area","M1",1,"G3110",2325094451,10597923,31.8653008,-102.5425068,34,95,11,8870,498,10,19.0763052208835,6.82730923694779,2.20883534136546
"85",36220,372,36220,"Odessa, TX","Odessa, TX Metro Area","M1",1,"G3110",2325094451,10597923,31.8653008,-102.5425068,34,95,11,6170,498,10,19.0763052208835,6.82730923694779,2.20883534136546
"86",36540,420,36540,"Omaha-Council Bluffs, NE-IA","Omaha-Council Bluffs, NE-IA Metro Area","M1",1,"G3110",11266396052,148188348,41.2904587,-95.9999701,320,423,31,770,4829,10,8.75957755228826,6.62663077241665,0.641954856077863
"87",38220,340,38220,"Pine Bluff, AR","Pine Bluff, AR Metro Area","M1",1,"G3110",5257911386,141461901,34.0812083,-91.9457289,53,55,8,8680,1568,10,3.50765306122449,3.38010204081633,0.510204081632653
"88",38220,340,38220,"Pine Bluff, AR","Pine Bluff, AR Metro Area","M1",1,"G3110",5257911386,141461901,34.0812083,-91.9457289,53,55,8,7980,1568,10,3.50765306122449,3.38010204081633,0.510204081632653
"89",35380,406,35380,"New Orleans-Metairie, LA","New Orleans-Metairie, LA Metro Area","M1",1,"G3110",8293551780,12101115061,29.805532,-89.7013821,431,482,74,770,5264,10,9.1565349544073,8.18768996960486,1.40577507598784
"90",37900,426,37900,"Peoria, IL","Peoria, IL Metro Area","M1",1,"G3110",6399733016,121934958,40.7882548,-89.514745,32,27,4,770,732,10,3.68852459016393,4.37158469945355,0.546448087431694
"91",36780,118,36780,"Oshkosh-Neenah, WI","Oshkosh-Neenah, WI Metro Area","M1",1,"G3110",1125314828,373176432,44.0857068,-88.6681488,20,4,0,180,343,10,1.16618075801749,5.83090379008746,0
"92",37860,NA,37860,"Pensacola-Ferry Pass-Brent, FL","Pensacola-Ferry Pass-Brent, FL Metro Area","M1",1,"G3110",4321779039,983764582,30.6554013,-87.1618275,42,54,2,7770,823,10,6.56136087484812,5.10328068043742,0.243013365735115
"93",34980,400,34980,"Nashville-Davidson--Murfreesboro--Franklin, TN","Nashville-Davidson--Murfreesboro--Franklin, TN Metro Area","M1",1,"G3110",16321410263,197967875,36.0885065,-86.7266015,411,487,45,770,4953,10,9.83242479305471,8.29800121138704,0.908540278619019
"94",35660,515,35660,"Niles-Benton Harbor, MI","Niles-Benton Harbor, MI Metro Area","M1",1,"G3110",1470458178,2625533765,41.7926389,-86.7418216,17,24,0,770,406,10,5.91133004926108,4.1871921182266,0
"95",34740,266,34740,"Muskegon, MI","Muskegon, MI Metro Area","M1",1,"G3110",1295054226,2486391831,43.2892579,-86.751892,17,8,0,8470,492,10,1.6260162601626,3.45528455284553,0
"96",37460,NA,37460,"Panama City, FL","Panama City, FL Metro Area","M1",1,"G3110",3398182520,1205718482,30.1010953,-85.4749707,19,43,11,770,531,10,8.09792843691149,3.57815442561205,2.07156308851224
"97",37460,NA,37460,"Panama City, FL","Panama City, FL Metro Area","M1",1,"G3110",3398182520,1205718482,30.1010953,-85.4749707,19,43,11,6390,531,10,8.09792843691149,3.57815442561205,2.07156308851224
"98",35840,412,35840,"North Port-Sarasota-Bradenton, FL","North Port-Sarasota-Bradenton, FL Metro Area","M1",1,"G3110",3364246958,826435641,27.3642465,-82.3193366,97,209,25,770,1303,10,16.039907904835,7.44435917114351,1.91864927091328
"99",36100,NA,36100,"Ocala, FL","Ocala, FL Metro Area","M1",1,"G3110",4112985503,193293405,29.2028047,-82.0431004,70,78,11,7290,579,10,13.4715025906736,12.0898100172712,1.89982728842832
"100",34940,162,34940,"Naples-Immokalee-Marco Island, FL","Naples-Immokalee-Marco Island, FL Metro Area","M1",1,"G3110",5176959832,792901545,26.118786,-81.4009553,89,210,29,770,660,10,31.8181818181818,13.4848484848485,4.39393939393939
"101",36740,422,36740,"Orlando-Kissimmee-Sanford, FL","Orlando-Kissimmee-Sanford, FL Metro Area","M1",1,"G3110",9012049786,1377779539,28.434348,-81.3558763,353,1131,114,770,4823,10,23.4501347708895,7.31909599834128,2.36367406178727
"102",37340,NA,37340,"Palm Bay-Melbourne-Titusville, FL","Palm Bay-Melbourne-Titusville, FL Metro Area","M1",1,"G3110",2629960540,1402786334,28.2983043,-80.7003309,60,64,5,7770,1009,10,6.34291377601586,5.94648166501487,0.495540138751239
"103",38940,370,38940,"Port St. Lucie, FL","Port St. Lucie, FL Metro Area","M1",1,"G3110",2888882297,843124181,27.2326989,-80.4267701,66,180,25,770,721,10,24.9653259361997,9.15395284327323,3.46740638002774
"104",38300,430,38300,"Pittsburgh, PA","Pittsburgh, PA Metro Area","M1",1,"G3110",13678958451,157924987,40.4343378,-79.8280615,223,207,12,770,4727,10,4.3790987941612,4.71757986037656,0.253860799661519
"105",34820,396,34820,"Myrtle Beach-Conway-North Myrtle Beach, SC-NC","Myrtle Beach-Conway-North Myrtle Beach, SC-NC Metro Area","M1",1,"G3110",5136165448,833808418,33.9690951,-78.6127235,67,54,12,770,903,10,5.98006644518272,7.41971207087486,1.32890365448505
"106",37980,428,37980,"Philadelphia-Camden-Wilmington, PA-NJ-DE-MD","Philadelphia-Camden-Wilmington, PA-NJ-DE-MD Metro Area","M1",1,"G3110",11920145588,693341961,39.8951304,-75.3120032,890,2197,175,770,15362,10,14.3015232391616,5.79351646920974,1.13917458664236
"107",35620,408,35620,"New York-Newark-Jersey City, NY-NJ-PA","New York-Newark-Jersey City, NY-NJ-PA Metro Area","M1",1,"G3110",21478408908,6689374328,40.8987884,-73.9031302,2274,12611,723,770,37968,10,33.214812473662,5.98925410872314,1.90423514538559
"108",35300,408,35300,"New Haven-Milford, CT","New Haven-Milford, CT Metro Area","M1",1,"G3110",1565645638,667096946,41.3497173,-72.9002037,114,369,22,770,2139,10,17.2510518934081,5.32959326788219,1.02851799906498
"109",35980,278,35980,"Norwich-New London, CT","Norwich-New London, CT Metro Area","M1",1,"G3110",1722641876,276619712,41.4726514,-72.1086329,30,104,5,6990,647,10,16.0741885625966,4.63678516228748,0.772797527047913
"110",35980,278,35980,"Norwich-New London, CT","Norwich-New London, CT Metro Area","M1",1,"G3110",1722641876,276619712,41.4726514,-72.1086329,30,104,5,770,647,10,16.0741885625966,4.63678516228748,0.772797527047913
"111",35980,278,35980,"Norwich-New London, CT","Norwich-New London, CT Metro Area","M1",1,"G3110",1722641876,276619712,41.4726514,-72.1086329,30,104,5,7990,647,10,16.0741885625966,4.63678516228748,0.772797527047913
"112",35980,278,35980,"Norwich-New London, CT","Norwich-New London, CT Metro Area","M1",1,"G3110",1722641876,276619712,41.4726514,-72.1086329,30,104,5,7390,647,10,16.0741885625966,4.63678516228748,0.772797527047913
"113",39300,148,39300,"Providence-Warwick, RI-MA","Providence-Warwick, RI-MA Metro Area","M1",1,"G3110",4110362048,1681136832,41.7016138,-71.2892856,545,1628,72,770,9634,10,16.8984845339423,5.65704795515881,0.747353124351256
"114",38860,438,38860,"Portland-South Portland, ME","Portland-South Portland, ME Metro Area","M1",1,"G3110",5388280775,2011849387,43.6514172,-70.4183755,415,131,6,770,3387,10,3.86772955417774,12.2527310304104,0.177147918511957
"115",33460,378,33460,"Minneapolis-St. Paul-Bloomington, MN-WI","Minneapolis-St. Paul-Bloomington, MN-WI Metro Area","M1",1,"G3110",19781159640,1248717247,45.0612031,-93.3515965,513,1009,39,770,7731,10,13.0513517009443,6.63562281722934,0.504462553356616
"116",33340,376,33340,"Milwaukee-Waukesha-West Allis, WI","Milwaukee-Waukesha-West Allis, WI Metro Area","M1",1,"G3110",3767864626,4835860493,43.0176524,-87.4815485,190,320,36,770,3373,10,9.48710346872221,5.63296768455381,1.06729914023125
"117",21660,NA,21660,"Eugene, OR","Eugene, OR Metro Area","M1",1,"G3110",11792794737,436681302,43.9283286,-122.8976901,104,126,3,8680,1063,10,11.8532455315146,9.78363123236124,0.282220131702728
"118",32780,366,32780,"Medford, OR","Medford, OR Metro Area","M1",1,"G3110",7209372699,46860852,42.4116284,-122.6756846,103,121,18,770,892,10,13.5650224215247,11.5470852017937,2.01793721973094
"119",33700,382,33700,"Modesto, CA","Modesto, CA Metro Area","M1",1,"G3110",3870867629,51101821,37.5623842,-121.0026557,40,282,18,770,1041,10,27.0893371757925,3.84245917387128,1.72910662824208
"120",25260,546,25260,"Hanford-Corcoran, CA","Hanford-Corcoran, CA Metro Area","M1",1,"G3110",3598582456,5468555,36.072478,-119.8155301,23,216,3,170,731,10,29.5485636114911,3.14637482900137,0.410396716826265
"121",25260,546,25260,"Hanford-Corcoran, CA","Hanford-Corcoran, CA Metro Area","M1",1,"G3110",3598582456,5468555,36.072478,-119.8155301,23,216,3,8470,731,10,29.5485636114911,3.14637482900137,0.410396716826265
"122",25260,546,25260,"Hanford-Corcoran, CA","Hanford-Corcoran, CA Metro Area","M1",1,"G3110",3598582456,5468555,36.072478,-119.8155301,23,216,3,7590,731,10,29.5485636114911,3.14637482900137,0.410396716826265
"123",23420,260,23420,"Fresno, CA","Fresno, CA Metro Area","M1",1,"G3110",15433278958,135402551,36.7610058,-119.6550193,74,545,28,770,2023,10,26.9401878398418,3.65793376173999,1.3840830449827
"124",31080,348,31080,"Los Angeles-Long Beach-Anaheim, CA","Los Angeles-Long Beach-Anaheim, CA Metro Area","M1",1,"G3110",12558589615,2202092049,34.1090244,-118.1825492,2472,11244,1125,770,28209,10,39.8596192704456,8.76316069339572,3.98808890779538
"125",22140,NA,22140,"Farmington, NM","Farmington, NM Metro Area","M1",1,"G3110",14279077920,65425890,36.5116245,-108.3245778,40,50,0,770,905,10,5.52486187845304,4.41988950276243,0
"126",10740,106,10740,"Albuquerque, NM","Albuquerque, NM Metro Area","M1",1,"G3110",24041256743,37921741,35.1166033,-106.4565347,403,936,73,770,7060,10,13.257790368272,5.70821529745043,1.03399433427762
"127",21340,238,21340,"El Paso, TX","El Paso, TX Metro Area","M1",1,"G3110",14461646726,7634538,31.527394,-105.5213326,79,466,17,770,1643,10,28.3627510651248,4.80827754108338,1.03469263542301
"128",22660,NA,22660,"Fort Collins, CO","Fort Collins, CO Metro Area","M1",1,"G3110",6723986975,98048035,40.6580933,-105.4867638,50,14,3,770,594,10,2.35690235690236,8.41750841750842,0.505050505050505
"129",19740,216,19740,"Denver-Aurora-Lakewood, CO","Denver-Aurora-Lakewood, CO Metro Area","M1",1,"G3110",21615642000,147293259,39.4347492,-104.901209,489,867,67,770,6031,10,14.3757254186702,8.10810810810811,1.11092687779804
"130",24540,216,24540,"Greeley, CO","Greeley, CO Metro Area","M1",1,"G3110",10326656276,76677079,40.5536965,-104.3942215,62,67,0,170,679,10,9.86745213549337,9.13107511045655,0
"131",11100,108,11100,"Amarillo, TX","Amarillo, TX Metro Area","M1",1,"G3110",13338829042,87118916,35.2480011,-101.9086668,26,49,3,4580,530,10,9.24528301886792,4.90566037735849,0.566037735849057
"132",31180,352,31180,"Lubbock, TX","Lubbock, TX Metro Area","M1",1,"G3110",6961014817,21260554,33.4703271,-101.6488249,20,46,2,770,481,10,9.56340956340956,4.15800415800416,0.415800415800416
"133",10180,NA,10180,"Abilene, TX","Abilene, TX Metro Area","M1",1,"G3110",7105577372,36847363,32.4520222,-99.7187428,31,42,4,770,499,10,8.41683366733467,6.2124248496994,0.801603206412826
"134",32580,365,32580,"McAllen-Edinburg-Mission, TX","McAllen-Edinburg-Mission, TX Metro Area","M1",1,"G3110",4068610100,31102596,26.3963839,-98.18099,89,432,57,6170,1428,10,30.2521008403361,6.23249299719888,3.99159663865546
"135",22020,244,22020,"Fargo, ND-MN","Fargo, ND-MN Metro Area","M1",1,"G3110",7278667047,26517816,46.9148591,-96.9601826,148,260,4,770,3095,10,8.40064620355412,4.78190630048465,0.12924071082391
"136",26420,288,26420,"Houston-The Woodlands-Sugar Land, TX","Houston-The Woodlands-Sugar Land, TX Metro Area","M1",1,"G3110",21395340858,3064071034,29.7495926,-95.3536422,789,4153,348,770,12633,10,32.874218317106,6.24554737592021,2.75469009736405
"137",30980,346,30980,"Longview, TX","Longview, TX Metro Area","M1",1,"G3110",4611066613,68442652,32.364601,-94.819897,35,50,6,8680,719,10,6.95410292072323,4.86787204450626,0.834492350486787
"138",22900,NA,22900,"Fort Smith, AR-OK","Fort Smith, AR-OK Metro Area","M1",1,"G3110",8768726732,226572927,35.1955345,-94.562533,45,55,0,770,992,10,5.54435483870968,4.53629032258065,0
"139",22220,NA,22220,"Fayetteville-Springdale-Rogers, AR-MO","Fayetteville-Springdale-Rogers, AR-MO Metro Area","M1",1,"G3110",8192540477,129289519,36.1976326,-94.1198967,147,456,19,770,2957,10,15.4210348326006,4.97125464998309,0.642543118025025
"140",19780,218,19780,"Des Moines-West Des Moines, IA","Des Moines-West Des Moines, IA Metro Area","M1",1,"G3110",7468132027,73435205,41.5448597,-93.9434866,105,204,5,770,2076,10,9.82658959537572,5.05780346820809,0.240847784200385
"141",30780,340,30780,"Little Rock-North Little Rock-Conway, AR","Little Rock-North Little Rock-Conway, AR Metro Area","M1",1,"G3110",10578440901,295694130,34.7557726,-92.4005889,245,316,18,770,4026,10,7.84898161947342,6.08544461003477,0.447093889716841
"142",33740,384,33740,"Monroe, LA","Monroe, LA Metro Area","M1",1,"G3110",3852321100,128888970,32.6904772,-92.2627929,58,23,4,770,839,10,2.74135876042908,6.91299165673421,0.476758045292014
"143",32820,368,32820,"Memphis, TN-MS-AR","Memphis, TN-MS-AR Metro Area","M1",1,"G3110",12910527030,319234186,35.0085568,-89.8218159,171,294,13,770,3812,10,7.71248688352571,4.48583420776495,0.34102833158447
"144",31540,357,31540,"Madison, WI","Madison, WI Metro Area","M1",1,"G3110",8571132545,200856004,43.0842875,-89.5971781,72,205,10,8770,1425,10,14.3859649122807,5.05263157894737,0.701754385964912
"145",31540,357,31540,"Madison, WI","Madison, WI Metro Area","M1",1,"G3110",8571132545,200856004,43.0842875,-89.5971781,72,205,10,770,1425,10,14.3859649122807,5.05263157894737,0.701754385964912
"146",11540,118,11540,"Appleton, WI","Appleton, WI Metro Area","M1",1,"G3110",2475494072,222455372,44.2906032,-88.3723255,27,22,1,770,586,10,3.7542662116041,4.60750853242321,0.170648464163823
"147",33660,380,33660,"Mobile, AL","Mobile, AL Metro Area","M1",1,"G3110",3184121204,1073852495,30.6845725,-88.1965682,67,41,0,7270,1350,10,3.03703703703704,4.96296296296296,0
"148",24580,267,24580,"Green Bay, WI","Green Bay, WI Metro Area","M1",1,"G3110",4843697458,2534691724,44.4739612,-87.9959258,49,28,1,7380,675,10,4.14814814814815,7.25925925925926,0.148148148148148
"149",24580,267,24580,"Green Bay, WI","Green Bay, WI Metro Area","M1",1,"G3110",4843697458,2534691724,44.4739612,-87.9959258,49,28,1,770,675,10,4.14814814814815,7.25925925925926,0.148148148148148
"150",22520,NA,22520,"Florence-Muscle Shoals, AL","Florence-Muscle Shoals, AL Metro Area","M1",1,"G3110",3264212409,214450972,34.7992544,-87.7193881,64,19,0,770,859,10,2.21187427240978,7.45052386495925,0
"151",21780,NA,21780,"Evansville, IN-KY","Evansville, IN-KY Metro Area","M1",1,"G3110",3793444395,125176173,38.0200703,-87.5861659,45,47,14,170,578,10,8.13148788927336,7.78546712802768,2.42214532871972
"152",33860,NA,33860,"Montgomery, AL","Montgomery, AL Metro Area","M1",1,"G3110",7027037498,189733905,32.3656313,-86.4045848,106,87,11,770,1398,10,6.22317596566524,7.58226037195994,0.786838340486409
"153",21140,515,21140,"Elkhart-Goshen, IN","Elkhart-Goshen, IN Metro Area","M1",1,"G3110",1199614703,12423390,41.6006928,-85.8639864,23,120,3,770,665,10,18.0451127819549,3.45864661654135,0.451127819548872
"154",24340,266,24340,"Grand Rapids-Wyoming, MI","Grand Rapids-Wyoming, MI Metro Area","M1",1,"G3110",6914641979,2930476628,42.9786324,-85.8112082,135,187,13,770,2076,10,9.00770712909441,6.5028901734104,0.626204238921002
"155",31140,350,31140,"Louisville/Jefferson County, KY-IN","Louisville/Jefferson County, KY-IN Metro Area","M1",1,"G3110",9268040329,160362235,38.3352396,-85.6689414,153,222,18,770,3142,10,7.06556333545512,4.86950986632718,0.572883513685551
"156",23060,258,23060,"Fort Wayne, IN","Fort Wayne, IN Metro Area","M1",1,"G3110",3524916106,18669917,41.0069993,-85.2164239,65,74,16,770,1066,10,6.94183864915572,6.09756097560976,1.50093808630394
"157",30460,336,30460,"Lexington-Fayette, KY","Lexington-Fayette, KY Metro Area","M1",1,"G3110",3803528175,40707477,38.102844,-84.4385721,75,160,10,770,1348,10,11.8694362017804,5.56379821958457,0.741839762611276
"158",11460,220,11460,"Ann Arbor, MI","Ann Arbor, MI Metro Area","M1",1,"G3110",1828433678,42623578,42.2523272,-83.8446336,49,98,0,770,656,10,14.9390243902439,7.46951219512195,0
"159",23580,122,23580,"Gainesville, GA","Gainesville, GA Metro Area","M1",1,"G3110",1017306098,94561948,34.3175876,-83.8184973,21,88,3,7770,448,10,19.6428571428571,4.6875,0.669642857142857
"160",31420,356,31420,"Macon, GA","Macon, GA Metro Area","M1",1,"G3110",4461725312,38847900,32.8561967,-83.7143131,26,16,0,7070,440,10,3.63636363636364,5.90909090909091,0
"161",31420,356,31420,"Macon, GA","Macon, GA Metro Area","M1",1,"G3110",4461725312,38847900,32.8561967,-83.7143131,26,16,0,8170,440,10,3.63636363636364,5.90909090909091,0
"162",22420,220,22420,"Flint, MI","Flint, MI Metro Area","M1",1,"G3110",1649729501,32693085,43.0210768,-83.7063718,37,13,0,8980,728,10,1.78571428571429,5.08241758241758,0
"163",33780,220,33780,"Monroe, MI","Monroe, MI Metro Area","M1",1,"G3110",1422996308,338244021,41.916097,-83.4871059,23,7,0,7290,596,10,1.1744966442953,3.85906040268456,0
"164",33780,220,33780,"Monroe, MI","Monroe, MI Metro Area","M1",1,"G3110",1422996308,338244021,41.916097,-83.4871059,23,7,0,8980,596,10,1.1744966442953,3.85906040268456,0
"165",33780,220,33780,"Monroe, MI","Monroe, MI Metro Area","M1",1,"G3110",1422996308,338244021,41.916097,-83.4871059,23,7,0,8470,596,10,1.1744966442953,3.85906040268456,0
"166",33780,220,33780,"Monroe, MI","Monroe, MI Metro Area","M1",1,"G3110",1422996308,338244021,41.916097,-83.4871059,23,7,0,5580,596,10,1.1744966442953,3.85906040268456,0
"167",19820,220,19820,"Detroit-Warren-Dearborn, MI","Detroit-Warren-Dearborn, MI Metro Area","M1",1,"G3110",10072892006,897203024,42.7218478,-83.2008463,431,1136,71,770,9103,10,12.4794023948149,4.73470284521586,0.779962649675931
"168",11700,120,11700,"Asheville, NC","Asheville, NC Metro Area","M1",1,"G3110",5265357913,21779731,35.5956693,-82.6816145,83,88,6,770,890,10,9.8876404494382,9.32584269662921,0.674157303370786
"169",23540,264,23540,"Gainesville, FL","Gainesville, FL Metro Area","M1",1,"G3110",3172084250,257185419,29.6779808,-82.4799713,26,79,2,290,505,10,15.6435643564356,5.14851485148515,0.396039603960396
"170",24860,273,24860,"Greenville-Anderson-Mauldin, SC","Greenville-Anderson-Mauldin, SC Metro Area","M1",1,"G3110",7020898608,200411721,34.6837085,-82.4134227,145,168,10,770,2564,10,6.55226209048362,5.65522620904836,0.390015600624025
"171",25860,280,25860,"Hickory-Lenoir-Morganton, NC","Hickory-Lenoir-Morganton, NC Metro Area","M1",1,"G3110",4240788334,75209737,35.8146669,-81.4570667,39,50,5,770,658,10,7.59878419452887,5.92705167173252,0.759878419452888
"172",10420,184,10420,"Akron, OH","Akron, OH Metro Area","M1",1,"G3110",2331619578,62018442,41.1466395,-81.3501104,67,80,6,770,1316,10,6.0790273556231,5.09118541033435,0.455927051671732
"173",19660,422,19660,"Deltona-Daytona Beach-Ormond Beach, FL","Deltona-Daytona Beach-Ormond Beach, FL Metro Area","M1",1,"G3110",4109094861,1079325613,29.1789002,-81.1890231,78,77,5,770,1144,10,6.73076923076923,6.81818181818182,0.437062937062937
"174",25940,NA,25940,"Hilton Head Island-Bluffton-Beaufort, SC","Hilton Head Island-Bluffton-Beaufort, SC Metro Area","M1",1,"G3110",3189787021,1013139043,32.3867916,-80.8308775,46,74,4,770,557,10,13.2854578096948,8.25852782764812,0.718132854578097
"175",33100,370,33100,"Miami-Fort Lauderdale-West Palm Beach, FL","Miami-Fort Lauderdale-West Palm Beach, FL Metro Area","M1",1,"G3110",13145453524,2749445492,26.1018281,-80.4787552,1196,5709,720,770,11426,10,49.9649921232277,10.4673551549099,6.30141781900928
"176",21500,240,21500,"Erie, PA","Erie, PA Metro Area","M1",1,"G3110",2069952474,1965847842,42.1179519,-80.0963858,18,35,0,770,526,10,6.65399239543726,3.42205323193916,0
"177",22500,NA,22500,"Florence, SC","Florence, SC Metro Area","M1",1,"G3110",3525257657,24399017,34.1537745,-79.8060793,18,7,0,770,399,10,1.75438596491228,4.51127819548872,0
"178",34060,390,34060,"Morgantown, WV","Morgantown, WV Metro Area","M1",1,"G3110",2612979127,21733747,39.5251551,-79.8019121,38,63,0,7980,1258,10,5.00794912559618,3.02066772655008,0
"179",24660,268,24660,"Greensboro-High Point, NC","Greensboro-High Point, NC Metro Area","M1",1,"G3110",5161864504,69081871,36.0252039,-79.7926333,68,212,14,6990,1395,10,15.1971326164875,4.87455197132617,1.00358422939068
"180",20500,450,20500,"Durham-Chapel Hill, NC","Durham-Chapel Hill, NC Metro Area","M1",1,"G3110",4553919062,142312593,35.995536,-79.0969897,74,234,10,7390,1268,10,18.4542586750789,5.83596214511041,0.788643533123028
"181",20500,450,20500,"Durham-Chapel Hill, NC","Durham-Chapel Hill, NC Metro Area","M1",1,"G3110",4553919062,142312593,35.995536,-79.0969897,74,234,10,7070,1268,10,18.4542586750789,5.83596214511041,0.788643533123028
"182",20500,450,20500,"Durham-Chapel Hill, NC","Durham-Chapel Hill, NC Metro Area","M1",1,"G3110",4553919062,142312593,35.995536,-79.0969897,74,234,10,5190,1268,10,18.4542586750789,5.83596214511041,0.788643533123028
"183",22180,246,22180,"Fayetteville, NC","Fayetteville, NC Metro Area","M1",1,"G3110",2701923062,19282163,35.0379563,-78.9822092,8,22,0,8560,589,10,3.73514431239389,1.35823429541596,0
"184",22180,246,22180,"Fayetteville, NC","Fayetteville, NC Metro Area","M1",1,"G3110",2701923062,19282163,35.0379563,-78.9822092,8,22,0,7270,589,10,3.73514431239389,1.35823429541596,0
"185",24140,NA,24140,"Goldsboro, NC","Goldsboro, NC Metro Area","M1",1,"G3110",1432263112,9863348,35.3541896,-78.0086695,9,98,4,4970,501,10,19.560878243513,1.79640718562874,0.798403193612774
"186",25180,548,25180,"Hagerstown-Martinsburg, MD-WV","Hagerstown-Martinsburg, MD-WV Metro Area","M1",1,"G3110",2017453322,25788393,39.5421519,-77.8997669,88,69,11,770,1416,10,4.8728813559322,6.21468926553672,0.77683615819209
"187",24780,274,24780,"Greenville, NC","Greenville, NC Metro Area","M1",1,"G3110",1687873422,8114836,35.592965,-77.373138,21,37,0,7890,502,10,7.37051792828685,4.18326693227092,0
"188",24780,274,24780,"Greenville, NC","Greenville, NC Metro Area","M1",1,"G3110",1687873422,8114836,35.592965,-77.373138,21,37,0,6290,502,10,7.37051792828685,4.18326693227092,0
"189",25420,276,25420,"Harrisburg-Carlisle, PA","Harrisburg-Carlisle, PA Metro Area","M1",1,"G3110",4200960995,108892326,40.3359242,-77.0504748,30,107,6,6170,1172,10,9.1296928327645,2.55972696245734,0.511945392491468
"190",20100,428,20100,"Dover, DE","Dover, DE Metro Area","M1",1,"G3110",1518565081,549102079,39.0970884,-75.5029819,115,184,22,770,1998,10,9.20920920920921,5.75575575575576,1.1011011011011
"191",10900,408,10900,"Allentown-Bethlehem-Easton, PA-NJ","Allentown-Bethlehem-Easton, PA-NJ Metro Area","M1",1,"G3110",3763879943,58581593,40.7893392,-75.398158,73,137,11,770,1408,10,9.73011363636364,5.18465909090909,0.78125
"192",20700,408,20700,"East Stroudsburg, PA","East Stroudsburg, PA Metro Area","M1",1,"G3110",1575560089,23131029,41.0562401,-75.3290651,53,65,4,770,537,10,12.1042830540037,9.86964618249534,0.74487895716946
"193",10580,104,10580,"Albany-Schenectady-Troy, NY","Albany-Schenectady-Troy, NY Metro Area","M1",1,"G3110",7282106737,172589034,42.7879202,-73.9423479,61,127,2,770,1643,10,7.72976262933658,3.71272063298844,0.121728545343883
"194",24020,104,24020,"Glens Falls, NY","Glens Falls, NY Metro Area","M1",1,"G3110",4398123501,205555420,43.4404503,-73.6367573,25,10,0,770,471,10,2.12314225053079,5.30785562632696,0
"195",25540,278,25540,"Hartford-West Hartford-East Hartford, CT","Hartford-West Hartford-East Hartford, CT Metro Area","M1",1,"G3110",3923052184,238346847,41.718601,-72.5739417,154,388,16,770,3073,10,12.626098275301,5.01138952164009,0.520663846404165
"196",31700,148,31700,"Manchester-Nashua, NH","Manchester-Nashua, NH Metro Area","M1",1,"G3110",2269346872,41478107,42.9116429,-71.7231012,229,474,25,770,3865,10,12.2639068564036,5.92496765847348,0.646830530401035
"197",12260,NA,12260,"Augusta-Richmond County, GA-SC","Augusta-Richmond County, GA-SC Metro Area","M1",1,"G3110",9015004609,262744093,33.4603713,-81.9828327,68,54,4,770,1259,10,4.28911834789516,5.40111199364575,0.317712470214456
"198",15980,162,15980,"Cape Coral-Fort Myers, FL","Cape Coral-Fort Myers, FL Metro Area","M1",1,"G3110",2031443679,1108606586,26.5516337,-81.8925086,85,264,15,6990,1286,10,20.5287713841369,6.60964230171073,1.16640746500778
"199",15940,184,15940,"Canton-Massillon, OH","Canton-Massillon, OH Metro Area","M1",1,"G3110",2512120672,24803490,40.7110722,-81.2614743,38,5,3,770,852,10,0.586854460093897,4.46009389671362,0.352112676056338
"200",17900,192,17900,"Columbia, SC","Columbia, SC Metro Area","M1",1,"G3110",9590686398,339384218,34.084175,-81.0405973,146,103,12,770,2411,10,4.27208627125674,6.05557859809208,0.49771878888428
"201",16540,548,16540,"Chambersburg-Waynesboro, PA","Chambersburg-Waynesboro, PA Metro Area","M1",1,"G3110",2000052119,1544300,39.9266851,-77.7244974,32,26,0,180,503,10,5.16898608349901,6.36182902584493,0
"202",13780,NA,13780,"Binghamton, NY","Binghamton, NY Metro Area","M1",1,"G3110",3171116711,36308390,42.1639276,-76.0229431,46,31,7,770,975,10,3.17948717948718,4.71794871794872,0.717948717948718
"203",27980,NA,27980,"Kahului-Wailuku-Lahaina, HI","Kahului-Wailuku-Lahaina, HI Metro Area","M1",1,"G3110",3039416740,3309063132,20.8559308,-156.6015502,134,371,26,8680,1435,10,25.8536585365854,9.33797909407665,1.81184668989547
"204",17020,NA,17020,"Chico, CA","Chico, CA Metro Area","M1",1,"G3110",4238422715,105325812,39.6659588,-121.6019188,23,54,0,6190,610,10,8.85245901639344,3.77049180327869,0
"205",13460,140,13460,"Bend-Redmond, OR","Bend-Redmond, OR Metro Area","M1",1,"G3110",7817045489,94746122,43.9151181,-121.2255751,123,47,4,770,994,10,4.72837022132797,12.374245472837,0.402414486921529
"206",28420,NA,28420,"Kennewick-Richland, WA","Kennewick-Richland, WA Metro Area","M1",1,"G3110",7620989925,214519172,46.363914,-119.2540809,45,223,14,7390,1010,10,22.0792079207921,4.45544554455445,1.38613861386139
"207",12540,NA,12540,"Bakersfield, CA","Bakersfield, CA Metro Area","M1",1,"G3110",21061723516,79488735,35.3466288,-118.7295064,72,489,23,7690,1463,10,33.4244702665755,4.92139439507861,1.57211209842789
"208",17660,518,17660,"Coeur d'Alene, ID","Coeur d'Alene, ID Metro Area","M1",1,"G3110",3222281604,185181742,47.6771129,-116.6949184,167,23,0,770,1400,10,1.64285714285714,11.9285714285714,0
"209",14260,147,14260,"Boise City, ID","Boise City, ID Metro Area","M1",1,"G3110",30472933785,175397532,43.0066485,-116.1419089,513,558,33,770,6153,10,9.068746952706,8.3373963920039,0.536323744514871
"210",29820,332,29820,"Las Vegas-Henderson-Paradise, NV","Las Vegas-Henderson-Paradise, NV Metro Area","M1",1,"G3110",20438834319,438841388,36.2142575,-115.013812,376,2262,99,8980,8248,10,27.4248302618817,4.55868089233754,1.20029097963143
"211",26820,292,26820,"Idaho Falls, ID","Idaho Falls, ID Metro Area","M1",1,"G3110",13457009784,126025981,43.6205362,-112.4208422,76,82,7,770,926,10,8.85529157667387,8.207343412527,0.755939524838013
"212",13740,NA,13740,"Billings, MT","Billings, MT Metro Area","M1",1,"G3110",15165554419,78148377,45.7754535,-108.7278711,201,53,0,770,2537,10,2.08908159243201,7.92274339771384,0
"213",29740,238,29740,"Las Cruces, NM","Las Cruces, NM Metro Area","M1",1,"G3110",9862379062,17584926,32.3509119,-106.8321821,129,446,67,770,1590,10,28.0503144654088,8.11320754716981,4.21383647798742
"214",14500,216,14500,"Boulder, CO","Boulder, CO Metro Area","M1",1,"G3110",1881212055,36592000,40.0949699,-105.3976911,56,127,10,3895,706,10,17.9886685552408,7.93201133144476,1.41643059490085
"215",17820,NA,17820,"Colorado Springs, CO","Colorado Springs, CO Metro Area","M1",1,"G3110",6951302281,12053395,38.8454651,-104.6385633,121,107,10,770,1374,10,7.78748180494905,8.80640465793304,0.727802037845706
"216",29700,NA,29700,"Laredo, TX","Laredo, TX Metro Area","M1",1,"G3110",8706200257,36536159,27.7607987,-99.3407518,25,204,13,6170,462,10,44.1558441558442,5.41125541125541,2.81385281385281
"217",28660,NA,28660,"Killeen-Temple, TX","Killeen-Temple, TX Metro Area","M1",1,"G3110",7293536095,110014155,31.2027301,-97.7896384,32,156,8,770,757,10,20.6076618229855,4.22721268163805,1.05680317040951
"218",12420,NA,12420,"Austin-Round Rock, TX","Austin-Round Rock, TX Metro Area","M1",1,"G3110",10933496832,151856267,30.2395128,-97.6912697,307,1031,55,770,4397,10,23.4478053218103,6.98203320445758,1.25085285421879
"219",15180,154,15180,"Brownsville-Harlingen, TX","Brownsville-Harlingen, TX Metro Area","M1",1,"G3110",2307839892,998169935,26.1029227,-97.4789584,27,132,17,770,549,10,24.0437158469945,4.91803278688525,3.09653916211293
"220",18580,204,18580,"Corpus Christi, TX","Corpus Christi, TX Metro Area","M1",1,"G3110",4620109987,1599382636,27.8989315,-97.4012355,23,112,9,8680,669,10,16.7414050822123,3.43796711509716,1.34529147982063
"221",19100,206,19100,"Dallas-Fort Worth-Arlington, TX","Dallas-Fort Worth-Arlington, TX Metro Area","M1",1,"G3110",24035191870,922063119,32.8225581,-97.0251332,894,3386,291,770,13503,10,25.0759090572465,6.62075094423461,2.15507664963341
"222",17780,NA,17780,"College Station-Bryan, TX","College Station-Bryan, TX Metro Area","M1",1,"G3110",5439680731,85824949,30.7543917,-96.4885368,28,101,7,770,479,10,21.0855949895616,5.8455114822547,1.46137787056367
"223",28140,312,28140,"Kansas City, MO-KS","Kansas City, MO-KS Metro Area","M1",1,"G3110",18792678289,304085198,38.9318494,-94.4438241,295,529,18,770,6042,10,8.75537901357167,4.88248924197286,0.297914597815293
"224",13140,NA,13140,"Beaumont-Port Arthur, TX","Beaumont-Port Arthur, TX Metro Area","M1",1,"G3110",7858904931,764353319,30.3478326,-94.1203707,43,90,5,7770,707,10,12.7298444130127,6.08203677510608,0.707213578500707
"225",29340,NA,29340,"Lake Charles, LA","Lake Charles, LA Metro Area","M1",1,"G3110",6082764224,1767344271,29.9787547,-93.2532434,54,24,1,770,1050,10,2.28571428571429,5.14285714285714,0.0952380952380952
"226",29180,318,29180,"Lafayette, LA","Lafayette, LA Metro Area","M1",1,"G3110",8828910403,2348844612,29.9577733,-92.0493498,186,147,48,770,2338,10,6.2874251497006,7.95551753635586,2.05303678357571
"227",26980,168,26980,"Iowa City, IA","Iowa City, IA Metro Area","M1",1,"G3110",3063678109,28948927,41.5178058,-91.6479303,52,108,10,770,621,10,17.3913043478261,8.37359098228663,1.61030595813204
"228",16300,168,16300,"Cedar Rapids, IA","Cedar Rapids, IA Metro Area","M1",1,"G3110",5202686443,29083693,42.0856026,-91.6304799,28,37,0,8470,618,10,5.98705501618123,4.53074433656958,0
"229",12940,NA,12940,"Baton Rouge, LA","Baton Rouge, LA Metro Area","M1",1,"G3110",10429567733,456494780,30.5708895,-91.134533,245,262,24,770,3582,10,7.3143495254048,6.83975432719151,0.670016750418761
"230",19340,209,19340,"Davenport-Moline-Rock Island, IA-IL","Davenport-Moline-Rock Island, IA-IL Metro Area","M1",1,"G3110",5878613363,114201813,41.3916799,-90.460076,52,57,0,770,979,10,5.82226762002043,5.31154239019408,0
"231",27140,298,27140,"Jackson, MS","Jackson, MS Metro Area","M1",1,"G3110",12040471900,208508037,32.3160014,-90.2208402,219,141,21,770,3134,10,4.49904275686024,6.98787492022974,0.670070197830249
"232",16060,NA,16060,"Carbondale-Marion, IL","Carbondale-Marion, IL Metro Area","M1",1,"G3110",2600974322,110046661,37.7573308,-89.193181,21,9,0,7770,291,10,3.09278350515464,7.21649484536082,0
"233",27500,357,27500,"Janesville-Beloit, WI","Janesville-Beloit, WI Metro Area","M1",1,"G3110",1859887390,20681629,42.6698802,-89.0752844,16,13,1,9090,433,10,3.00230946882217,3.69515011547344,0.23094688221709
"234",14010,145,14010,"Bloomington, IL","Bloomington, IL Metro Area","M1",1,"G3110",4094504732,27082489,40.4055934,-88.8613074,20,28,1,8370,457,10,6.12691466083151,4.37636761487965,0.218818380743982
"235",14010,145,14010,"Bloomington, IL","Bloomington, IL Metro Area","M1",1,"G3110",4094504732,27082489,40.4055934,-88.8613074,20,28,1,8980,457,10,6.12691466083151,4.37636761487965,0.218818380743982
"236",14010,145,14010,"Bloomington, IL","Bloomington, IL Metro Area","M1",1,"G3110",4094504732,27082489,40.4055934,-88.8613074,20,28,1,8680,457,10,6.12691466083151,4.37636761487965,0.218818380743982
"237",16580,NA,16580,"Champaign-Urbana, IL","Champaign-Urbana, IL Metro Area","M1",1,"G3110",4975458579,7928464,40.2344885,-88.2986226,30,77,0,770,527,10,14.6110056925996,5.69259962049336,0
"238",16980,176,16980,"Chicago-Naperville-Elgin, IL-IN-WI","Chicago-Naperville-Elgin, IL-IN-WI Metro Area","M1",1,"G3110",18640180253,6168195319,41.8235214,-87.8282967,1061,4287,321,770,19074,10,22.4756212645486,5.56254587396456,1.6829191569676
"239",19300,380,19300,"Daphne-Fairhope-Foley, AL","Daphne-Fairhope-Foley, AL Metro Area","M1",1,"G3110",4117584013,1133129224,30.6592183,-87.7460666,70,60,2,770,1141,10,5.25854513584575,6.13496932515337,0.175284837861525
"240",17300,NA,17300,"Clarksville, TN-KY","Clarksville, TN-KY Metro Area","M1",1,"G3110",4398075054,132335357,36.7492073,-87.5582833,46,70,3,6990,1109,10,6.31199278629396,4.14788097385031,0.270513976555455
"241",29200,320,29200,"Lafayette-West Lafayette, IN","Lafayette-West Lafayette, IN Metro Area","M1",1,"G3110",3311166848,16373698,40.5147241,-86.9304622,4,24,1,7690,402,10,5.97014925373134,0.995024875621891,0.248756218905473
"242",29200,320,29200,"Lafayette-West Lafayette, IN","Lafayette-West Lafayette, IN Metro Area","M1",1,"G3110",3311166848,16373698,40.5147241,-86.9304622,4,24,1,7380,402,10,5.97014925373134,0.995024875621891,0.248756218905473
"243",29200,320,29200,"Lafayette-West Lafayette, IN","Lafayette-West Lafayette, IN Metro Area","M1",1,"G3110",3311166848,16373698,40.5147241,-86.9304622,4,24,1,7770,402,10,5.97014925373134,0.995024875621891,0.248756218905473
"244",29200,320,29200,"Lafayette-West Lafayette, IN","Lafayette-West Lafayette, IN Metro Area","M1",1,"G3110",3311166848,16373698,40.5147241,-86.9304622,4,24,1,5790,402,10,5.97014925373134,0.995024875621891,0.248756218905473
"245",13820,142,13820,"Birmingham-Hoover, AL","Birmingham-Hoover, AL Metro Area","M1",1,"G3110",13675107149,232538326,33.4623718,-86.8143378,216,212,30,770,4478,10,4.73425636444841,4.82358195623046,0.669941938365342
"246",26620,290,26620,"Huntsville, AL","Huntsville, AL Metro Area","M1",1,"G3110",3526349956,151144361,34.7832617,-86.7348706,130,161,12,770,1850,10,8.7027027027027,7.02702702702703,0.648648648648649
"247",14020,144,14020,"Bloomington, IN","Bloomington, IN Metro Area","M1",1,"G3110",2019733549,50045972,39.2417362,-86.6717544,28,23,4,8560,335,10,6.86567164179105,8.35820895522388,1.19402985074627
"248",14540,150,14540,"Bowling Green, KY","Bowling Green, KY Metro Area","M1",1,"G3110",4182605024,62139750,37.0468214,-86.3970677,33,49,0,8990,494,10,9.91902834008097,6.68016194331984,0
"249",14540,150,14540,"Bowling Green, KY","Bowling Green, KY Metro Area","M1",1,"G3110",4182605024,62139750,37.0468214,-86.3970677,33,49,0,770,494,10,9.91902834008097,6.68016194331984,0
"250",26900,294,26900,"Indianapolis-Carmel-Anderson, IN","Indianapolis-Carmel-Anderson, IN Metro Area","M1",1,"G3110",11153808785,88567120,39.7449323,-86.2045408,291,401,22,770,4474,10,8.96289673670094,6.5042467590523,0.491729995529727
"251",28020,310,28020,"Kalamazoo-Portage, MI","Kalamazoo-Portage, MI Metro Area","M1",1,"G3110",3030253787,1295530358,42.2688708,-86.0373725,37,16,0,770,707,10,2.26308345120226,5.23338048090523,0
"252",16860,174,16860,"Chattanooga, TN-GA","Chattanooga, TN-GA Metro Area","M1",1,"G3110",5410466556,126498051,35.0493612,-85.3611582,62,123,13,770,1463,10,8.40738209159262,4.23786739576213,0.888585099111415
"253",12220,194,12220,"Auburn-Opelika, AL","Auburn-Opelika, AL Metro Area","M1",1,"G3110",1573552324,21488937,32.6040644,-85.3530477,48,44,2,770,916,10,4.80349344978166,5.24017467248908,0.218340611353712
"254",12980,310,12980,"Battle Creek, MI","Battle Creek, MI Metro Area","M1",1,"G3110",1829249871,31275675,42.2429896,-85.0123853,25,36,0,8680,584,10,6.16438356164384,4.28082191780822,0
"255",17980,194,17980,"Columbus, GA-AL","Columbus, GA-AL Metro Area","M1",1,"G3110",5014777653,61081469,32.4368358,-84.9008787,20,15,2,8990,530,10,2.83018867924528,3.77358490566038,0.377358490566038
"256",17980,194,17980,"Columbus, GA-AL","Columbus, GA-AL Metro Area","M1",1,"G3110",5014777653,61081469,32.4368358,-84.9008787,20,15,2,7470,530,10,2.83018867924528,3.77358490566038,0.377358490566038
"257",17980,194,17980,"Columbus, GA-AL","Columbus, GA-AL Metro Area","M1",1,"G3110",5014777653,61081469,32.4368358,-84.9008787,20,15,2,8980,530,10,2.83018867924528,3.77358490566038,0.377358490566038
"258",17420,174,17420,"Cleveland, TN","Cleveland, TN Metro Area","M1",1,"G3110",1977283659,26793316,35.1381292,-84.65507,34,5,0,8470,584,10,0.856164383561644,5.82191780821918,0
"259",29620,330,29620,"Lansing-East Lansing, MI","Lansing-East Lansing, MI Metro Area","M1",1,"G3110",4397041601,44017378,42.7136586,-84.6053717,55,77,0,770,1000,10,7.7,5.5,0
"260",17140,178,17140,"Cincinnati, OH-KY-IN","Cincinnati, OH-KY-IN Metro Area","M1",1,"G3110",10788684057,192334753,39.0694579,-84.4271533,253,283,20,770,4531,10,6.24586184065328,5.58375634517767,0.441403663650408
"261",27100,NA,27100,"Jackson, MI","Jackson, MI Metro Area","M1",1,"G3110",1817308302,56538564,42.2484738,-84.4208679,44,36,0,770,503,10,7.15705765407555,8.74751491053678,0
"262",12060,122,12060,"Atlanta-Sandy Springs-Roswell, GA","Atlanta-Sandy Springs-Roswell, GA Metro Area","M1",1,"G3110",22485809510,398427699,33.693728,-84.3999113,825,2141,154,770,11649,10,18.3792600223195,7.08215297450425,1.32200188857413
"263",19380,212,19380,"Dayton, OH","Dayton, OH Metro Area","M1",1,"G3110",3320017376,21705383,39.8288538,-84.1418129,55,76,0,770,1440,10,5.27777777777778,3.81944444444444,0
"264",28940,314,28940,"Knoxville, TN","Knoxville, TN Metro Area","M1",1,"G3110",9066318482,386471845,36.0444622,-84.1361137,131,135,5,770,2251,10,5.997334517992,5.81963571745891,0.22212350066637
"265",12020,122,12020,"Athens-Clarke County, GA","Athens-Clarke County, GA Metro Area","M1",1,"G3110",2654353088,26370977,33.943984,-83.2138965,23,36,3,770,338,10,10.6508875739645,6.80473372781065,0.887573964497041
"266",18140,198,18140,"Columbus, OH","Columbus, OH Metro Area","M1",1,"G3110",12423532141,138606167,39.9685617,-82.8359105,178,281,33,770,3706,10,7.58229897463573,4.80302212628171,0.890447922288181
"267",28700,304,28700,"Kingsport-Bristol-Bristol, TN-VA","Kingsport-Bristol-Bristol, TN-VA Metro Area","M1",1,"G3110",5205840458,96136681,36.6041611,-82.4401446,42,36,4,6190,700,10,5.14285714285714,6,0.571428571428571
"268",26580,170,26580,"Huntington-Ashland, WV-KY-OH","Huntington-Ashland, WV-KY-OH Metro Area","M1",1,"G3110",6546101845,91680146,38.3736912,-82.3851927,77,30,2,770,2229,10,1.34589502018843,3.45446388515029,0.0897263346792283
"269",27740,304,27740,"Johnson City, TN","Johnson City, TN Metro Area","M1",1,"G3110",2211413861,26142889,36.2506085,-82.3310257,36,26,5,770,543,10,4.78821362799263,6.62983425414365,0.920810313075507
"270",27260,300,27260,"Jacksonville, FL","Jacksonville, FL Metro Area","M1",1,"G3110",8293138571,1285729956,30.2371049,-81.7552353,186,260,31,770,2872,10,9.05292479108635,6.47632311977716,1.07938718662953
"271",29460,NA,29460,"Lakeland-Winter Haven, FL","Lakeland-Winter Haven, FL Metro Area","M1",1,"G3110",4653250695,553800050,27.9531147,-81.6927831,69,157,24,6170,1075,10,14.6046511627907,6.41860465116279,2.23255813953488
"272",17460,184,17460,"Cleveland-Elyria, OH","Cleveland-Elyria, OH Metro Area","M1",1,"G3110",5174470870,5132075101,41.760392,-81.7242168,216,246,17,770,4057,10,6.06359378851368,5.32413113137787,0.419028839043628
"273",16620,170,16620,"Charleston, WV","Charleston, WV Metro Area","M1",1,"G3110",4520564666,32465412,38.2832126,-81.4925567,68,27,0,770,1894,10,1.42555438225977,3.59028511087645,0
"274",16740,172,16740,"Charlotte-Concord-Gastonia, NC-SC","Charlotte-Concord-Gastonia, NC-SC Metro Area","M1",1,"G3110",13122824461,290855932,35.187295,-80.8674907,398,645,76,770,5411,10,11.9201626316762,7.35538717427463,1.4045462945851
"275",13980,NA,13980,"Blacksburg-Christiansburg-Radford, VA","Blacksburg-Christiansburg-Radford, VA Metro Area","M1",1,"G3110",3763221779,46075636,37.1213643,-80.5315166,9,43,0,9090,295,10,14.5762711864407,3.05084745762712,0
"276",16700,NA,16700,"Charleston-North Charleston, SC","Charleston-North Charleston, SC Metro Area","M1",1,"G3110",6703756813,1488520869,33.0058308,-80.006109,104,119,11,7070,2087,10,5.70196454240537,4.98322951605175,0.52707235265932
"277",15500,268,15500,"Burlington, NC","Burlington, NC Metro Area","M1",1,"G3110",1098038862,27933266,36.0439535,-79.4005733,38,125,13,770,778,10,16.0668380462725,4.88431876606684,1.67095115681234
"278",15380,160,15380,"Buffalo-Cheektowaga-Niagara Falls, NY","Buffalo-Cheektowaga-Niagara Falls, NY Metro Area","M1",1,"G3110",4053461568,2075804933,43.0443711,-78.7773351,63,174,2,4870,2082,10,8.35734870317003,3.02593659942363,0.0960614793467819
"279",27780,306,27780,"Johnstown, PA","Johnstown, PA Metro Area","M1",1,"G3110",1782823041,13677375,40.5103124,-78.7104629,5,0,0,7270,361,10,0,1.38504155124654,0
"280",16820,NA,16820,"Charlottesville, VA","Charlottesville, VA Metro Area","M1",1,"G3110",5759372808,45545340,37.8545896,-78.578282,70,68,4,7770,741,10,9.17678812415655,9.44669365721997,0.539811066126856
"281",27340,NA,27340,"Jacksonville, NC","Jacksonville, NC Metro Area","M1",1,"G3110",1975580950,370722552,34.7631087,-77.4994691,11,32,0,770,630,10,5.07936507936508,1.74603174603175,0
"282",12580,548,12580,"Baltimore-Columbia-Towson, MD","Baltimore-Columbia-Towson, MD Metro Area","M1",1,"G3110",6737902107,1304071479,39.304361,-76.5495009,299,819,65,770,5299,10,15.4557463672391,5.64257407057935,1.22664653708247
"283",15680,548,15680,"California-Lexington Park, MD","California-Lexington Park, MD Metro Area","M1",1,"G3110",925648069,1053753865,38.2202894,-76.5303837,20,3,0,770,466,10,0.643776824034335,4.29184549356223,0
"284",29540,NA,29540,"Lancaster, PA","Lancaster, PA Metro Area","M1",1,"G3110",2444495031,103535036,40.0419921,-76.250198,73,56,0,170,1003,10,5.58325024925224,7.27816550348953,0
"285",12100,428,12100,"Atlantic City-Hammonton, NJ","Atlantic City-Hammonton, NJ Metro Area","M1",1,"G3110",1439256827,300767732,39.469354,-74.6337584,11,98,0,8680,521,10,18.809980806142,2.11132437619962,0
"286",12100,428,12100,"Atlantic City-Hammonton, NJ","Atlantic City-Hammonton, NJ Metro Area","M1",1,"G3110",1439256827,300767732,39.469354,-74.6337584,11,98,0,7290,521,10,18.809980806142,2.11132437619962,0
"287",14860,408,14860,"Bridgeport-Stamford-Norwalk, CT","Bridgeport-Stamford-Norwalk, CT Metro Area","M1",1,"G3110",1618664455,548955210,41.2274128,-73.3670614,209,703,69,770,2352,10,29.8894557823129,8.88605442176871,2.93367346938776
"288",15540,NA,15540,"Burlington-South Burlington, VT","Burlington-South Burlington, VT Metro Area","M1",1,"G3110",3243268574,657471312,44.6891168,-73.0411707,343,262,26,770,4080,10,6.42156862745098,8.40686274509804,0.637254901960784
"289",14460,148,14460,"Boston-Cambridge-Newton, MA-NH","Boston-Cambridge-Newton, MA-NH Metro Area","M1",1,"G3110",9032882339,2654345192,42.517606,-71.0219925,1050,3441,235,770,16560,10,20.7789855072464,6.34057971014493,1.41908212560386
"290",12700,148,12700,"Barnstable Town, MA","Barnstable Town, MA Metro Area","M1",1,"G3110",1019719638,2361606119,41.7988188,-70.2110827,32,44,2,770,408,10,10.7843137254902,7.84313725490196,0.490196078431373
"291",30340,438,30340,"Lewiston-Auburn, ME","Lewiston-Auburn, ME Metro Area","M1",1,"G3110",1211937419,75599699,44.1676811,-70.2074347,53,28,2,770,608,10,4.60526315789474,8.71710526315789,0.328947368421053
"292",12620,NA,12620,"Bangor, ME","Bangor, ME Metro Area","M1",1,"G3110",8799074164,413603851,45.4092789,-68.6665979,48,25,0,770,821,10,3.04506699147381,5.84652862362972,0
