"","X","state","Immi","Entre","ImmiEntre","n","ImmiRate","EntreRate","ImmiEntreRate_1","ImmiEntreRate_2","Year","ST"
"1",1,11,221,1047,28,9589,2.3,10.92,2.67,12.67,2000,"Maine"
"2",2,12,520,1000,67,9171,5.67,10.9,6.7,12.88,2000,"New Hampshire"
"3",3,13,281,1027,37,8566,3.28,11.99,3.6,13.17,2000,"Vermont"
"4",4,14,2967,1434,166,19864,14.94,7.22,11.58,5.59,2000,"Massachusetts"
"5",5,15,1046,570,52,8672,12.06,6.57,9.12,4.97,2000,"Rhode Island"
"6",6,16,1134,773,94,8920,12.71,8.67,12.16,8.29,2000,"Connecticut"
"7",7,21,13983,3596,994,53599,26.09,6.71,27.64,7.11,2000,"New York"
"8",8,22,5245,1759,343,25910,20.24,6.79,19.5,6.54,2000,"New Jersey"
"9",9,23,1631,2185,125,34703,4.7,6.3,5.72,7.66,2000,"Pennsylvania"
"10",10,31,1219,2062,117,32185,3.79,6.41,5.67,9.6,2000,"Ohio"
"11",11,32,310,736,11,11586,2.68,6.35,1.49,3.55,2000,"Indiana"
"12",12,33,5432,2296,289,36251,14.98,6.33,12.59,5.32,2000,"Illinois"
"13",13,34,2139,2024,161,29772,7.18,6.8,7.95,7.53,2000,"Michigan"
"14",14,35,577,1015,18,12299,4.69,8.25,1.77,3.12,2000,"Wisconsin"
"15",15,41,727,1174,33,12648,5.75,9.28,2.81,4.54,2000,"Minnesota"
"16",16,42,637,980,2,10921,5.83,8.97,0.2,0.31,2000,"Iowa"
"17",17,43,340,694,15,10514,3.23,6.6,2.16,4.41,2000,"Missouri"
"18",18,44,153,1332,7,10837,1.41,12.29,0.53,4.58,2000,"North Dakota"
"19",19,45,175,1325,34,11258,1.55,11.77,2.57,19.43,2000,"South Dakota"
"20",20,46,581,1266,35,11533,5.04,10.98,2.76,6.02,2000,"Nebraska"
"21",21,47,691,850,28,11186,6.18,7.6,3.29,4.05,2000,"Kansas"
"22",22,51,598,637,44,8800,6.8,7.24,6.91,7.36,2000,"Delaware"
"23",23,52,1072,664,63,9781,10.96,6.79,9.49,5.88,2000,"Maryland"
"24",24,53,1211,442,38,8463,14.31,5.22,8.6,3.14,2000,"Washington, D.C."
"25",25,54,1312,880,79,13578,9.66,6.48,8.98,6.02,2000,"Virginia"
"26",26,55,121,555,3,11500,1.05,4.83,0.54,2.48,2000,"West Virginia"
"27",27,56,1378,1836,96,22134,6.23,8.29,5.23,6.97,2000,"North Carolina"
"28",28,57,173,634,22,9252,1.87,6.85,3.47,12.72,2000,"South Carolina"
"29",29,58,975,1055,84,14282,6.83,7.39,7.96,8.62,2000,"Georgia"
"30",30,59,9166,3366,778,40409,22.68,8.33,23.11,8.49,2000,"Florida"
"31",31,61,420,796,19,11465,3.66,6.94,2.39,4.52,2000,"Kentucky"
"32",32,62,326,866,32,11913,2.74,7.27,3.7,9.82,2000,"Tennessee"
"33",33,63,242,813,13,12269,1.97,6.63,1.6,5.37,2000,"Alabama"
"34",34,64,167,696,13,9670,1.73,7.2,1.87,7.78,2000,"Mississippi"
"35",35,71,360,882,20,11291,3.19,7.81,2.27,5.56,2000,"Arkansas"
"36",36,72,296,823,43,11100,2.67,7.41,5.22,14.53,2000,"Louisiana"
"37",37,73,582,1140,22,12600,4.62,9.05,1.93,3.78,2000,"Oklahoma"
"38",38,74,7570,3369,447,43499,17.4,7.75,13.27,5.9,2000,"Texas"
"39",39,81,205,1597,39,11945,1.72,13.37,2.44,19.02,2000,"Montana"
"40",40,82,702,1283,27,12653,5.55,10.14,2.1,3.85,2000,"Idaho"
"41",41,83,224,1359,12,11343,1.97,11.98,0.88,5.36,2000,"Wyoming"
"42",42,84,1315,1342,90,13128,10.02,10.22,6.71,6.84,2000,"Colorado"
"43",43,85,938,999,55,11362,8.26,8.79,5.51,5.86,2000,"New Mexico"
"44",44,86,2470,974,101,13702,18.03,7.11,10.37,4.09,2000,"Arizona"
"45",45,87,938,987,31,11828,7.93,8.34,3.14,3.3,2000,"Utah"
"46",46,88,2537,730,78,12592,20.15,5.8,10.68,3.07,2000,"Nevada"
"47",47,91,1138,813,59,11400,9.98,7.13,7.26,5.18,2000,"Washington"
"48",48,92,1130,1154,65,10939,10.33,10.55,5.63,5.75,2000,"Oregon"
"49",49,93,26327,5966,1897,73174,35.98,8.15,31.8,7.21,2000,"California"
"50",50,94,683,888,23,10952,6.24,8.11,2.59,3.37,2000,"Alaska"
"51",51,95,1840,751,141,8841,20.81,8.49,18.77,7.66,2000,"Hawaii"
"52",2,11,467,1550,34,16856,2.77,9.2,2.19,7.28,2002,"Maine"
"53",3,12,1023,1473,85,17455,5.86,8.44,5.77,8.31,2002,"New Hampshire"
"54",4,13,542,1909,93,15430,3.51,12.37,4.87,17.16,2002,"Vermont"
"55",5,14,2879,1326,174,19852,14.5,6.68,13.12,6.04,2002,"Massachusetts"
"56",6,15,2568,1133,110,17252,14.89,6.57,9.71,4.28,2002,"Rhode Island"
"57",7,16,2233,1414,157,17280,12.92,8.18,11.1,7.03,2002,"Connecticut"
"58",8,21,12646,3492,922,51114,24.74,6.83,26.4,7.29,2002,"New York"
"59",9,22,5554,1639,343,25599,21.7,6.4,20.93,6.18,2002,"New Jersey"
"60",10,23,2090,2272,141,35868,5.83,6.33,6.21,6.75,2002,"Pennsylvania"
"61",11,31,1449,1860,76,31918,4.54,5.83,4.09,5.24,2002,"Ohio"
"62",12,32,578,1205,45,18501,3.12,6.51,3.73,7.79,2002,"Indiana"
"63",13,33,5499,2376,388,35551,15.47,6.68,16.33,7.06,2002,"Illinois"
"64",14,34,2074,1794,135,28229,7.35,6.36,7.53,6.51,2002,"Michigan"
"65",15,35,1073,1769,57,20246,5.3,8.74,3.22,5.31,2002,"Wisconsin"
"66",16,41,1223,2164,50,19768,6.19,10.95,2.31,4.09,2002,"Minnesota"
"67",17,42,917,1453,22,17015,5.39,8.54,1.51,2.4,2002,"Iowa"
"68",18,43,537,1124,20,15455,3.47,7.27,1.78,3.72,2002,"Missouri"
"69",19,44,276,1472,21,13773,2,10.69,1.43,7.61,2002,"North Dakota"
"70",20,45,326,1929,13,15745,2.07,12.25,0.67,3.99,2002,"South Dakota"
"71",21,46,953,1590,35,16034,5.94,9.92,2.2,3.67,2002,"Nebraska"
"72",22,47,1127,1237,60,16464,6.85,7.51,4.85,5.32,2002,"Kansas"
"73",23,51,1034,748,36,12703,8.14,5.89,4.81,3.48,2002,"Delaware"
"74",24,52,2130,1224,180,15982,13.33,7.66,14.71,8.45,2002,"Maryland"
"75",25,53,1506,465,76,10063,14.97,4.62,16.34,5.05,2002,"Washington, D.C."
"76",26,54,1971,1095,115,17531,11.24,6.25,10.5,5.83,2002,"Virginia"
"77",27,55,211,697,27,14771,1.43,4.72,3.87,12.8,2002,"West Virginia"
"78",28,56,1424,1474,70,21131,6.74,6.98,4.75,4.92,2002,"North Carolina"
"79",29,57,411,751,28,12140,3.39,6.19,3.73,6.81,2002,"South Carolina"
"80",30,58,1228,1005,98,14568,8.43,6.9,9.75,7.98,2002,"Georgia"
"81",31,59,8714,3350,602,40054,21.76,8.36,17.97,6.91,2002,"Florida"
"82",32,61,376,869,23,13889,2.71,6.26,2.65,6.12,2002,"Kentucky"
"83",33,62,542,988,54,12938,4.19,7.64,5.47,9.96,2002,"Tennessee"
"84",34,63,423,832,25,14706,2.88,5.66,3,5.91,2002,"Alabama"
"85",35,64,179,671,1,9842,1.82,6.82,0.15,0.56,2002,"Mississippi"
"86",36,71,377,886,15,11054,3.41,8.02,1.69,3.98,2002,"Arkansas"
"87",37,72,371,746,22,10965,3.38,6.8,2.95,5.93,2002,"Louisiana"
"88",38,73,553,1076,24,12759,4.33,8.43,2.23,4.34,2002,"Oklahoma"
"89",39,74,8091,3169,490,41900,19.31,7.56,15.46,6.06,2002,"Texas"
"90",40,81,186,1387,16,11028,1.69,12.58,1.15,8.6,2002,"Montana"
"91",41,82,805,1262,55,12858,6.26,9.81,4.36,6.83,2002,"Idaho"
"92",42,83,268,1481,10,13714,1.95,10.8,0.68,3.73,2002,"Wyoming"
"93",43,84,2585,1857,148,21156,12.22,8.78,7.97,5.73,2002,"Colorado"
"94",44,85,1225,825,73,11261,10.88,7.33,8.85,5.96,2002,"New Mexico"
"95",45,86,2441,972,153,13180,18.52,7.37,15.74,6.27,2002,"Arizona"
"96",46,87,1445,1083,66,14296,10.11,7.58,6.09,4.57,2002,"Utah"
"97",47,88,4292,1231,164,19584,21.92,6.29,13.32,3.82,2002,"Nevada"
"98",48,91,2011,1282,100,18064,11.13,7.1,7.8,4.97,2002,"Washington"
"99",49,92,1655,1354,90,16012,10.34,8.46,6.65,5.44,2002,"Oregon"
"100",50,93,25848,5585,1824,71781,36.01,7.78,32.66,7.06,2002,"California"
"101",51,94,1249,1206,90,15006,8.32,8.04,7.46,7.21,2002,"Alaska"
"102",52,95,2577,1079,245,12822,20.1,8.42,22.71,9.51,2002,"Hawaii"
"103",1,11,338,1351,27,13562,2.49,9.96,2,7.99,2001,"Maine"
"104",2,12,668,1167,38,13269,5.03,8.79,3.26,5.69,2001,"New Hampshire"
"105",3,13,387,1272,63,11737,3.3,10.84,4.95,16.28,2001,"Vermont"
"106",4,14,3005,1439,200,19446,15.45,7.4,13.9,6.66,2001,"Massachusetts"
"107",5,15,1749,803,56,12834,13.63,6.26,6.97,3.2,2001,"Rhode Island"
"108",6,16,1443,1039,77,12433,11.61,8.36,7.41,5.34,2001,"Connecticut"
"109",7,21,13141,3381,911,52295,25.13,6.47,26.94,6.93,2001,"New York"
"110",8,22,5730,1637,351,25755,22.25,6.36,21.44,6.13,2001,"New Jersey"
"111",9,23,1875,2366,165,35208,5.33,6.72,6.97,8.8,2001,"Pennsylvania"
"112",10,31,1252,2111,97,32010,3.91,6.59,4.59,7.75,2001,"Ohio"
"113",11,32,454,975,40,14864,3.05,6.56,4.1,8.81,2001,"Indiana"
"114",12,33,5607,2276,394,35780,15.67,6.36,17.31,7.03,2001,"Illinois"
"115",13,34,2309,1859,140,28790,8.02,6.46,7.53,6.06,2001,"Michigan"
"116",14,35,857,1334,37,16142,5.31,8.26,2.77,4.32,2001,"Wisconsin"
"117",15,41,963,1680,61,15961,6.03,10.53,3.63,6.33,2001,"Minnesota"
"118",16,42,796,1284,17,13966,5.7,9.19,1.32,2.14,2001,"Iowa"
"119",17,43,500,958,21,12955,3.86,7.39,2.19,4.2,2001,"Missouri"
"120",18,44,226,1420,14,12327,1.83,11.52,0.99,6.19,2001,"North Dakota"
"121",19,45,218,1613,21,13184,1.65,12.23,1.3,9.63,2001,"South Dakota"
"122",20,46,647,1406,20,13281,4.87,10.59,1.42,3.09,2001,"Nebraska"
"123",21,47,892,1000,46,13333,6.69,7.5,4.6,5.16,2001,"Kansas"
"124",22,51,686,675,44,10682,6.42,6.32,6.52,6.41,2001,"Delaware"
"125",23,52,1649,993,116,12992,12.69,7.64,11.68,7.03,2001,"Maryland"
"126",24,53,1503,488,80,9677,15.53,5.04,16.39,5.32,2001,"Washington, D.C."
"127",25,54,1708,941,91,15725,10.86,5.98,9.67,5.33,2001,"Virginia"
"128",26,55,124,623,13,13114,0.95,4.75,2.09,10.48,2001,"West Virginia"
"129",27,56,1369,1487,67,21164,6.47,7.03,4.51,4.89,2001,"North Carolina"
"130",28,57,349,694,40,10390,3.36,6.68,5.76,11.46,2001,"South Carolina"
"131",29,58,1025,905,66,13787,7.43,6.56,7.29,6.44,2001,"Georgia"
"132",30,59,8944,3460,662,40057,22.33,8.64,19.13,7.4,2001,"Florida"
"133",31,61,376,867,16,12719,2.96,6.82,1.85,4.26,2001,"Kentucky"
"134",32,62,474,874,36,11957,3.96,7.31,4.12,7.59,2001,"Tennessee"
"135",33,63,289,786,15,13549,2.13,5.8,1.91,5.19,2001,"Alabama"
"136",34,64,218,622,13,9465,2.3,6.57,2.09,5.96,2001,"Mississippi"
"137",35,71,397,935,21,11107,3.57,8.42,2.25,5.29,2001,"Arkansas"
"138",36,72,291,701,8,10600,2.75,6.61,1.14,2.75,2001,"Louisiana"
"139",37,73,581,1152,28,12489,4.65,9.22,2.43,4.82,2001,"Oklahoma"
"140",38,74,8007,3106,546,41933,19.09,7.41,17.58,6.82,2001,"Texas"
"141",39,81,172,1328,25,11109,1.55,11.95,1.88,14.53,2001,"Montana"
"142",40,82,718,1327,26,12746,5.63,10.41,1.96,3.62,2001,"Idaho"
"143",41,83,259,1504,19,12475,2.08,12.06,1.26,7.34,2001,"Wyoming"
"144",42,84,1794,1599,112,16544,10.84,9.67,7,6.24,2001,"Colorado"
"145",43,85,1185,743,55,11148,10.63,6.66,7.4,4.64,2001,"New Mexico"
"146",44,86,2330,916,123,12703,18.34,7.21,13.43,5.28,2001,"Arizona"
"147",45,87,1208,1004,54,12550,9.63,8,5.38,4.47,2001,"Utah"
"148",46,88,2986,979,117,15257,19.57,6.42,11.95,3.92,2001,"Nevada"
"149",47,91,1609,1029,121,14257,11.29,7.22,11.76,7.52,2001,"Washington"
"150",48,92,1415,1271,113,13515,10.47,9.4,8.89,7.99,2001,"Oregon"
"151",49,93,25559,5599,1884,71148,35.92,7.87,33.65,7.37,2001,"California"
"152",50,94,980,1003,67,12947,7.57,7.75,6.68,6.84,2001,"Alaska"
"153",51,95,2414,905,190,11160,21.63,8.11,20.99,7.87,2001,"Hawaii"
"154",1,11,444,1705,21,17131,2.59,9.95,1.23,4.73,2003,"Maine"
"155",2,12,1149,1567,91,18049,6.37,8.68,5.81,7.92,2003,"New Hampshire"
"156",3,13,517,1841,92,15112,3.42,12.18,5,17.79,2003,"Vermont"
"157",4,14,2928,1372,157,19753,14.82,6.95,11.44,5.36,2003,"Massachusetts"
"158",5,15,2633,1279,142,17771,14.82,7.2,11.1,5.39,2003,"Rhode Island"
"159",6,16,2367,1351,199,17255,13.72,7.83,14.73,8.41,2003,"Connecticut"
"160",7,21,11846,3493,810,48942,24.2,7.14,23.19,6.84,2003,"New York"
"161",8,22,5591,1763,388,25433,21.98,6.93,22.01,6.94,2003,"New Jersey"
"162",9,23,1961,2382,141,35702,5.49,6.67,5.92,7.19,2003,"Pennsylvania"
"163",10,31,1491,1814,94,31017,4.81,5.85,5.18,6.3,2003,"Ohio"
"164",11,32,850,1255,66,18941,4.49,6.63,5.26,7.76,2003,"Indiana"
"165",12,33,5541,2297,341,35268,15.71,6.51,14.85,6.15,2003,"Illinois"
"166",13,34,1994,1891,143,28432,7.01,6.65,7.56,7.17,2003,"Michigan"
"167",14,35,1030,1703,53,20335,5.07,8.37,3.11,5.15,2003,"Wisconsin"
"168",15,41,1252,1929,45,19240,6.51,10.03,2.33,3.59,2003,"Minnesota"
"169",16,42,1006,1489,40,16850,5.97,8.84,2.69,3.98,2003,"Iowa"
"170",17,43,676,1169,41,15329,4.41,7.63,3.51,6.07,2003,"Missouri"
"171",18,44,286,1584,18,13621,2.1,11.63,1.14,6.29,2003,"North Dakota"
"172",19,45,369,1759,13,15220,2.42,11.56,0.74,3.52,2003,"South Dakota"
"173",20,46,963,1626,20,15947,6.04,10.2,1.23,2.08,2003,"Nebraska"
"174",21,47,1110,1426,49,16856,6.59,8.46,3.44,4.41,2003,"Kansas"
"175",22,51,1061,812,63,12683,8.37,6.4,7.76,5.94,2003,"Delaware"
"176",23,52,2333,1153,192,15728,14.83,7.33,16.65,8.23,2003,"Maryland"
"177",24,53,1463,514,72,9964,14.68,5.16,14.01,4.92,2003,"Washington, D.C."
"178",25,54,1965,1186,97,17007,11.55,6.97,8.18,4.94,2003,"Virginia"
"179",26,55,223,789,26,14446,1.54,5.46,3.3,11.66,2003,"West Virginia"
"180",27,56,1876,1344,96,21300,8.81,6.31,7.14,5.12,2003,"North Carolina"
"181",28,57,389,817,31,12161,3.2,6.72,3.79,7.97,2003,"South Carolina"
"182",29,58,1417,1192,104,14505,9.77,8.22,8.72,7.34,2003,"Georgia"
"183",30,59,8954,3617,746,40300,22.22,8.98,20.62,8.33,2003,"Florida"
"184",31,61,368,785,25,13625,2.7,5.76,3.18,6.79,2003,"Kentucky"
"185",32,62,566,961,62,12813,4.42,7.5,6.45,10.95,2003,"Tennessee"
"186",33,63,326,936,21,14168,2.3,6.61,2.24,6.44,2003,"Alabama"
"187",34,64,151,586,9,9872,1.53,5.94,1.54,5.96,2003,"Mississippi"
"188",35,71,427,879,37,11051,3.86,7.95,4.21,8.67,2003,"Arkansas"
"189",36,72,377,845,47,11002,3.43,7.68,5.56,12.47,2003,"Louisiana"
"190",37,73,509,1111,28,12225,4.16,9.09,2.52,5.5,2003,"Oklahoma"
"191",38,74,8710,3236,573,42920,20.29,7.54,17.71,6.58,2003,"Texas"
"192",39,81,182,1616,20,11202,1.62,14.43,1.24,10.99,2003,"Montana"
"193",40,82,749,1293,66,12324,6.08,10.49,5.1,8.81,2003,"Idaho"
"194",41,83,255,1578,30,13345,1.91,11.82,1.9,11.76,2003,"Wyoming"
"195",42,84,2539,2137,171,21792,11.65,9.81,8,6.73,2003,"Colorado"
"196",43,85,1152,881,50,11249,10.24,7.83,5.68,4.34,2003,"New Mexico"
"197",44,86,2693,1087,201,13604,19.8,7.99,18.49,7.46,2003,"Arizona"
"198",45,87,1271,1062,73,13889,9.15,7.65,6.87,5.74,2003,"Utah"
"199",46,88,4160,1221,203,19473,21.36,6.27,16.63,4.88,2003,"Nevada"
"200",47,91,2075,1412,131,18250,11.37,7.74,9.28,6.31,2003,"Washington"
"201",48,92,1796,1354,120,16301,11.02,8.31,8.86,6.68,2003,"Oregon"
"202",49,93,25623,5697,1771,69849,36.68,8.16,31.09,6.91,2003,"California"
"203",50,94,1244,1308,123,14922,8.34,8.77,9.4,9.89,2003,"Alaska"
"204",51,95,2543,932,232,12574,20.22,7.41,24.89,9.12,2003,"Hawaii"
"205",1,11,527,1766,30,17907,2.94,9.86,1.7,5.69,2004,"Maine"
"206",2,12,1119,1569,95,18988,5.89,8.26,6.05,8.49,2004,"New Hampshire"
"207",3,13,591,1608,61,14986,3.94,10.73,3.79,10.32,2004,"Vermont"
"208",4,14,2745,1340,167,17845,15.38,7.51,12.46,6.08,2004,"Massachusetts"
"209",5,15,2733,1236,173,17534,15.59,7.05,14,6.33,2004,"Rhode Island"
"210",6,16,2523,1370,203,19044,13.25,7.19,14.82,8.05,2004,"Connecticut"
"211",7,21,11184,3233,830,45253,24.71,7.14,25.67,7.42,2004,"New York"
"212",8,22,5376,1644,375,23576,22.8,6.97,22.81,6.98,2004,"New Jersey"
"213",9,23,1978,2402,187,34033,5.81,7.06,7.79,9.45,2004,"Pennsylvania"
"214",10,31,1292,1837,82,29297,4.41,6.27,4.46,6.35,2004,"Ohio"
"215",11,32,882,1088,41,17750,4.97,6.13,3.77,4.65,2004,"Indiana"
"216",12,33,5125,2270,318,33553,15.27,6.77,14.01,6.2,2004,"Illinois"
"217",13,34,1822,1722,127,27399,6.65,6.28,7.38,6.97,2004,"Michigan"
"218",14,35,1094,1599,29,19555,5.59,8.18,1.81,2.65,2004,"Wisconsin"
"219",15,41,1512,1958,55,20155,7.5,9.71,2.81,3.64,2004,"Minnesota"
"220",16,42,887,1440,43,16916,5.24,8.51,2.99,4.85,2004,"Iowa"
"221",17,43,602,1156,58,15208,3.96,7.6,5.02,9.63,2004,"Missouri"
"222",18,44,244,1575,15,13382,1.82,11.77,0.95,6.15,2004,"North Dakota"
"223",19,45,379,1715,37,14992,2.53,11.44,2.16,9.76,2004,"South Dakota"
"224",20,46,1116,1547,33,15706,7.11,9.85,2.13,2.96,2004,"Nebraska"
"225",21,47,1128,1366,57,16142,6.99,8.46,4.17,5.05,2004,"Kansas"
"226",22,51,1137,748,64,13318,8.54,5.62,8.56,5.63,2004,"Delaware"
"227",23,52,2869,1214,184,17904,16.02,6.78,15.16,6.41,2004,"Maryland"
"228",24,53,1656,567,68,10800,15.33,5.25,11.99,4.11,2004,"Washington, D.C."
"229",25,54,2173,1282,163,17691,12.28,7.25,12.71,7.5,2004,"Virginia"
"230",26,55,129,632,12,13651,0.94,4.63,1.9,9.3,2004,"West Virginia"
"231",27,56,2058,1435,94,21141,9.73,6.79,6.55,4.57,2004,"North Carolina"
"232",28,57,427,809,30,12497,3.42,6.47,3.71,7.03,2004,"South Carolina"
"233",29,58,1647,1211,126,16031,10.27,7.55,10.4,7.65,2004,"Georgia"
"234",30,59,8685,3558,768,38942,22.3,9.14,21.59,8.84,2004,"Florida"
"235",31,61,456,797,20,13982,3.26,5.7,2.51,4.39,2004,"Kentucky"
"236",32,62,593,890,46,13167,4.5,6.76,5.17,7.76,2004,"Tennessee"
"237",33,63,381,809,26,13308,2.86,6.08,3.21,6.82,2004,"Alabama"
"238",34,64,227,674,12,10059,2.26,6.7,1.78,5.29,2004,"Mississippi"
"239",35,71,436,893,26,11067,3.94,8.07,2.91,5.96,2004,"Arkansas"
"240",36,72,331,771,40,10580,3.13,7.29,5.19,12.08,2004,"Louisiana"
"241",37,73,560,983,34,11452,4.89,8.58,3.46,6.07,2004,"Oklahoma"
"242",38,74,8687,3331,590,43967,19.76,7.58,17.71,6.79,2004,"Texas"
"243",39,81,123,1442,11,10560,1.16,13.66,0.76,8.94,2004,"Montana"
"244",40,82,719,1294,43,11432,6.29,11.32,3.32,5.98,2004,"Idaho"
"245",41,83,287,1584,26,13484,2.13,11.75,1.64,9.06,2004,"Wyoming"
"246",42,84,2583,2211,165,21487,12.02,10.29,7.46,6.39,2004,"Colorado"
"247",43,85,975,906,48,10832,9,8.36,5.3,4.92,2004,"New Mexico"
"248",44,86,2753,1017,145,13509,20.38,7.53,14.26,5.27,2004,"Arizona"
"249",45,87,1273,1067,58,13345,9.54,8,5.44,4.56,2004,"Utah"
"250",46,88,3456,1243,215,17189,20.11,7.23,17.3,6.22,2004,"Nevada"
"251",47,91,2316,1472,146,18155,12.76,8.11,9.92,6.3,2004,"Washington"
"252",48,92,1629,1379,131,14931,10.91,9.24,9.5,8.04,2004,"Oregon"
"253",49,93,25445,6280,2114,70512,36.09,8.91,33.66,8.31,2004,"California"
"254",50,94,1330,1224,125,14942,8.9,8.19,10.21,9.4,2004,"Alaska"
"255",51,95,2859,942,213,13435,21.28,7.01,22.61,7.45,2004,"Hawaii"
"256",1,11,471,1854,31,19087,2.47,9.71,1.67,6.58,2005,"Maine"
"257",2,12,1100,1934,83,20320,5.41,9.52,4.29,7.55,2005,"New Hampshire"
"258",3,13,619,1664,80,14489,4.27,11.48,4.81,12.92,2005,"Vermont"
"259",4,14,2589,1130,129,15927,16.26,7.09,11.42,4.98,2005,"Massachusetts"
"260",5,15,2872,1120,166,16875,17.02,6.64,14.82,5.78,2005,"Rhode Island"
"261",6,16,3085,1521,230,21181,14.56,7.18,15.12,7.46,2005,"Connecticut"
"262",7,21,10553,2879,686,42534,24.81,6.77,23.83,6.5,2005,"New York"
"263",8,22,5041,1437,293,20474,24.62,7.02,20.39,5.81,2005,"New Jersey"
"264",9,23,1706,2002,165,30718,5.55,6.52,8.24,9.67,2005,"Pennsylvania"
"265",10,31,1034,1767,63,28193,3.67,6.27,3.57,6.09,2005,"Ohio"
"266",11,32,695,928,25,16207,4.29,5.73,2.69,3.6,2005,"Indiana"
"267",12,33,4746,2106,317,30677,15.47,6.87,15.05,6.68,2005,"Illinois"
"268",13,34,1822,1674,116,25253,7.21,6.63,6.93,6.37,2005,"Michigan"
"269",14,35,861,1597,41,18476,4.66,8.64,2.57,4.76,2005,"Wisconsin"
"270",15,41,1873,2040,70,22865,8.19,8.92,3.43,3.74,2005,"Minnesota"
"271",16,42,1028,1576,62,17537,5.86,8.99,3.93,6.03,2005,"Iowa"
"272",17,43,635,1206,50,16463,3.86,7.33,4.15,7.87,2005,"Missouri"
"273",18,44,239,1474,3,12116,1.97,12.17,0.2,1.26,2005,"North Dakota"
"274",19,45,507,1733,17,15082,3.36,11.49,0.98,3.35,2005,"South Dakota"
"275",20,46,1139,1359,44,14657,7.77,9.27,3.24,3.86,2005,"Nebraska"
"276",21,47,902,1327,27,14324,6.3,9.26,2.03,2.99,2005,"Kansas"
"277",22,51,1516,953,74,14725,10.3,6.47,7.76,4.88,2005,"Delaware"
"278",23,52,3349,1442,234,21248,15.76,6.79,16.23,6.99,2005,"Maryland"
"279",24,53,1962,678,126,12295,15.96,5.51,18.58,6.42,2005,"Washington, D.C."
"280",25,54,2687,1448,187,20735,12.96,6.98,12.91,6.96,2005,"Virginia"
"281",26,55,64,574,9,12130,0.53,4.73,1.57,14.06,2005,"West Virginia"
"282",27,56,1825,1441,114,20017,9.12,7.2,7.91,6.25,2005,"North Carolina"
"283",28,57,483,834,23,12642,3.82,6.6,2.76,4.76,2005,"South Carolina"
"284",29,58,2470,1432,194,19891,12.42,7.2,13.55,7.85,2005,"Georgia"
"285",30,59,8926,3513,877,39735,22.46,8.84,24.96,9.83,2005,"Florida"
"286",31,61,498,906,19,14128,3.52,6.41,2.1,3.82,2005,"Kentucky"
"287",32,62,666,950,43,13785,4.83,6.89,4.53,6.46,2005,"Tennessee"
"288",33,63,411,642,10,11508,3.57,5.58,1.56,2.43,2005,"Alabama"
"289",34,64,326,642,26,9197,3.54,6.98,4.05,7.98,2005,"Mississippi"
"290",35,71,482,893,19,10948,4.4,8.16,2.13,3.94,2005,"Arkansas"
"291",36,72,314,545,37,9077,3.46,6,6.79,11.78,2005,"Louisiana"
"292",37,73,557,1046,32,11350,4.91,9.22,3.06,5.75,2005,"Oklahoma"
"293",38,74,9091,3422,570,47526,19.13,7.2,16.66,6.27,2005,"Texas"
"294",39,81,109,1200,14,9835,1.11,12.2,1.17,12.84,2005,"Montana"
"295",40,82,769,1188,48,11289,6.81,10.52,4.04,6.24,2005,"Idaho"
"296",41,83,255,1335,8,12282,2.08,10.87,0.6,3.14,2005,"Wyoming"
"297",42,84,2569,2052,179,20933,12.27,9.8,8.72,6.97,2005,"Colorado"
"298",43,85,982,819,58,9682,10.14,8.46,7.08,5.91,2005,"New Mexico"
"299",44,86,2511,900,144,12810,19.6,7.03,16,5.73,2005,"Arizona"
"300",45,87,1312,1158,83,13430,9.77,8.62,7.17,6.33,2005,"Utah"
"301",46,88,3204,1063,210,14950,21.43,7.11,19.76,6.55,2005,"Nevada"
"302",47,91,2324,1388,133,17919,12.97,7.75,9.58,5.72,2005,"Washington"
"303",48,92,1317,1320,54,13403,9.83,9.85,4.09,4.1,2005,"Oregon"
"304",49,93,27603,6817,2175,77426,35.65,8.8,31.91,7.88,2005,"California"
"305",50,94,1065,1188,91,14075,7.57,8.44,7.66,8.54,2005,"Alaska"
"306",51,95,3033,1181,260,14906,20.35,7.92,22.02,8.57,2005,"Hawaii"
"307",1,11,411,1856,39,18767,2.19,9.89,2.1,9.49,2006,"Maine"
"308",2,12,1313,2174,87,21120,6.22,10.29,4,6.63,2006,"New Hampshire"
"309",3,13,719,1524,57,14539,4.95,10.48,3.74,7.93,2006,"Vermont"
"310",4,14,2381,1155,159,14689,16.21,7.86,13.77,6.68,2006,"Massachusetts"
"311",5,15,2832,1167,179,16495,17.17,7.07,15.34,6.32,2006,"Rhode Island"
"312",6,16,3344,1609,251,21351,15.66,7.54,15.6,7.51,2006,"Connecticut"
"313",7,21,10581,2820,726,41405,25.55,6.81,25.74,6.86,2006,"New York"
"314",8,22,5318,1455,365,20046,26.53,7.26,25.09,6.86,2006,"New Jersey"
"315",9,23,1574,1839,118,29212,5.39,6.3,6.42,7.5,2006,"Pennsylvania"
"316",10,31,1075,1609,69,27305,3.94,5.89,4.29,6.42,2006,"Ohio"
"317",11,32,700,1042,45,15081,4.64,6.91,4.32,6.43,2006,"Indiana"
"318",12,33,4852,1891,284,29202,16.62,6.48,15.02,5.85,2006,"Illinois"
"319",13,34,1734,1589,127,23702,7.32,6.7,7.99,7.32,2006,"Michigan"
"320",14,35,880,1567,69,18095,4.86,8.66,4.4,7.84,2006,"Wisconsin"
"321",15,41,1994,2107,69,23037,8.66,9.15,3.27,3.46,2006,"Minnesota"
"322",16,42,1061,1619,42,17899,5.93,9.05,2.59,3.96,2006,"Iowa"
"323",17,43,620,1148,45,16121,3.85,7.12,3.92,7.26,2006,"Missouri"
"324",18,44,315,1324,10,12250,2.57,10.81,0.76,3.17,2006,"North Dakota"
"325",19,45,452,1788,5,14416,3.14,12.4,0.28,1.11,2006,"South Dakota"
"326",20,46,1176,1337,36,14329,8.21,9.33,2.69,3.06,2006,"Nebraska"
"327",21,47,916,1235,37,13780,6.65,8.96,3,4.04,2006,"Kansas"
"328",22,51,1616,962,112,15185,10.64,6.34,11.64,6.93,2006,"Delaware"
"329",23,52,3784,1600,307,22867,16.55,7,19.19,8.11,2006,"Maryland"
"330",24,53,2217,756,147,12858,17.24,5.88,19.44,6.63,2006,"Washington, D.C."
"331",25,54,2996,1613,242,21389,14.01,7.54,15,8.08,2006,"Virginia"
"332",26,55,105,559,13,11759,0.89,4.75,2.33,12.38,2006,"West Virginia"
"333",27,56,1969,1351,93,19269,10.22,7.01,6.88,4.72,2006,"North Carolina"
"334",28,57,560,859,31,12968,4.32,6.62,3.61,5.54,2006,"South Carolina"
"335",29,58,2841,1582,238,21315,13.33,7.42,15.04,8.38,2006,"Georgia"
"336",30,59,9627,3549,1032,40355,23.86,8.79,29.08,10.72,2006,"Florida"
"337",31,61,493,799,24,13962,3.53,5.72,3,4.87,2006,"Kentucky"
"338",32,62,763,979,30,13348,5.72,7.33,3.06,3.93,2006,"Tennessee"
"339",33,63,402,635,14,10792,3.72,5.88,2.2,3.48,2006,"Alabama"
"340",34,64,287,619,16,8655,3.32,7.15,2.58,5.57,2006,"Mississippi"
"341",35,71,551,800,37,10231,5.39,7.82,4.62,6.72,2006,"Arkansas"
"342",36,72,312,590,48,8583,3.64,6.87,8.14,15.38,2006,"Louisiana"
"343",37,73,558,976,33,11685,4.78,8.35,3.38,5.91,2006,"Oklahoma"
"344",38,74,9846,3411,638,48524,20.29,7.03,18.7,6.48,2006,"Texas"
"345",39,81,141,1178,8,9619,1.47,12.25,0.68,5.67,2006,"Montana"
"346",40,82,751,1241,47,11325,6.63,10.96,3.79,6.26,2006,"Idaho"
"347",41,83,323,1230,3,12297,2.63,10,0.24,0.93,2006,"Wyoming"
"348",42,84,2665,2051,158,21081,12.64,9.73,7.7,5.93,2006,"Colorado"
"349",43,85,975,704,37,9423,10.35,7.47,5.26,3.79,2006,"New Mexico"
"350",44,86,2535,823,161,12791,19.82,6.43,19.56,6.35,2006,"Arizona"
"351",45,87,1450,1083,99,12670,11.44,8.55,9.14,6.83,2006,"Utah"
"352",46,88,3638,928,190,15237,23.88,6.09,20.47,5.22,2006,"Nevada"
"353",47,91,2302,1406,178,17444,13.2,8.06,12.66,7.73,2006,"Washington"
"354",48,92,1344,1398,94,13429,10.01,10.41,6.72,6.99,2006,"Oregon"
"355",49,93,28400,7530,2473,80167,35.43,9.39,32.84,8.71,2006,"California"
"356",50,94,929,1209,73,13953,6.66,8.66,6.04,7.86,2006,"Alaska"
"357",51,95,3073,1237,304,14698,20.91,8.42,24.58,9.89,2006,"Hawaii"
"358",1,11,483,1842,25,18408,2.62,10.01,1.36,5.18,2007,"Maine"
"359",2,12,1353,1817,90,20608,6.57,8.82,4.95,6.65,2007,"New Hampshire"
"360",3,13,683,1535,58,14260,4.79,10.76,3.78,8.49,2007,"Vermont"
"361",4,14,2471,1190,234,14313,17.26,8.31,19.66,9.47,2007,"Massachusetts"
"362",5,15,2648,1217,126,16186,16.36,7.52,10.35,4.76,2007,"Rhode Island"
"363",6,16,3252,1594,218,20697,15.71,7.7,13.68,6.7,2007,"Connecticut"
"364",7,21,10188,2641,645,40035,25.45,6.6,24.42,6.33,2007,"New York"
"365",8,22,5590,1453,443,19794,28.24,7.34,30.49,7.92,2007,"New Jersey"
"366",9,23,1535,1818,116,28921,5.31,6.29,6.38,7.56,2007,"Pennsylvania"
"367",10,31,1128,1656,70,26587,4.24,6.23,4.23,6.21,2007,"Ohio"
"368",11,32,672,906,26,14812,4.54,6.12,2.87,3.87,2007,"Indiana"
"369",12,33,5075,1827,349,29395,17.26,6.22,19.1,6.88,2007,"Illinois"
"370",13,34,1606,1411,77,23109,6.95,6.11,5.46,4.79,2007,"Michigan"
"371",14,35,945,1365,60,18159,5.2,7.52,4.4,6.35,2007,"Wisconsin"
"372",15,41,1915,2080,70,23216,8.25,8.96,3.37,3.66,2007,"Minnesota"
"373",16,42,1130,1575,53,18027,6.27,8.74,3.37,4.69,2007,"Iowa"
"374",17,43,573,1199,40,15656,3.66,7.66,3.34,6.98,2007,"Missouri"
"375",18,44,325,1288,20,11994,2.71,10.74,1.55,6.15,2007,"North Dakota"
"376",19,45,471,1818,27,13946,3.38,13.04,1.49,5.73,2007,"South Dakota"
"377",20,46,1115,1433,39,14432,7.73,9.93,2.72,3.5,2007,"Nebraska"
"378",21,47,1023,1161,31,13927,7.35,8.34,2.67,3.03,2007,"Kansas"
"379",22,51,1652,960,109,14942,11.06,6.42,11.35,6.6,2007,"Delaware"
"380",23,52,3770,1530,270,22714,16.6,6.74,17.65,7.16,2007,"Maryland"
"381",24,53,2090,800,125,13179,15.86,6.07,15.62,5.98,2007,"Washington, D.C."
"382",25,54,3002,1627,284,20973,14.31,7.76,17.46,9.46,2007,"Virginia"
"383",26,55,112,472,5,11740,0.95,4.02,1.06,4.46,2007,"West Virginia"
"384",27,56,1749,1599,147,18986,9.21,8.42,9.19,8.4,2007,"North Carolina"
"385",28,57,608,802,53,12806,4.75,6.26,6.61,8.72,2007,"South Carolina"
"386",29,58,2729,1573,213,21345,12.79,7.37,13.54,7.81,2007,"Georgia"
"387",30,59,9307,3709,1040,38657,24.08,9.59,28.04,11.17,2007,"Florida"
"388",31,61,418,935,22,14195,2.94,6.59,2.35,5.26,2007,"Kentucky"
"389",32,62,824,1053,77,13353,6.17,7.89,7.31,9.34,2007,"Tennessee"
"390",33,63,464,635,23,10468,4.43,6.07,3.62,4.96,2007,"Alabama"
"391",34,64,287,654,17,8915,3.22,7.34,2.6,5.92,2007,"Mississippi"
"392",35,71,542,789,29,10381,5.22,7.6,3.68,5.35,2007,"Arkansas"
"393",36,72,310,719,33,8685,3.57,8.28,4.59,10.65,2007,"Louisiana"
"394",37,73,536,736,27,11547,4.64,6.37,3.67,5.04,2007,"Oklahoma"
"395",38,74,9922,3216,732,47324,20.97,6.8,22.76,7.38,2007,"Texas"
"396",39,81,192,1250,10,9515,2.02,13.14,0.8,5.21,2007,"Montana"
"397",40,82,826,1252,80,10857,7.61,11.53,6.39,9.69,2007,"Idaho"
"398",41,83,329,1240,17,12475,2.64,9.94,1.37,5.17,2007,"Wyoming"
"399",42,84,2685,2166,182,21244,12.64,10.2,8.4,6.78,2007,"Colorado"
"400",43,85,1009,774,73,9321,10.83,8.3,9.43,7.23,2007,"New Mexico"
"401",44,86,2478,901,178,12595,19.67,7.15,19.76,7.18,2007,"Arizona"
"402",45,87,1331,1038,86,12173,10.93,8.53,8.29,6.46,2007,"Utah"
"403",46,88,3528,943,172,15077,23.4,6.25,18.24,4.88,2007,"Nevada"
"404",47,91,2384,1341,178,17479,13.64,7.67,13.27,7.47,2007,"Washington"
"405",48,92,1446,1333,109,13490,10.72,9.88,8.18,7.54,2007,"Oregon"
"406",49,93,28634,7240,2547,79746,35.91,9.08,35.18,8.9,2007,"California"
"407",50,94,924,1106,68,13779,6.71,8.03,6.15,7.36,2007,"Alaska"
"408",51,95,3155,1122,297,14819,21.29,7.57,26.47,9.41,2007,"Hawaii"
"409",1,11,547,1765,25,17994,3.04,9.81,1.42,4.57,2008,"Maine"
"410",2,12,1242,1789,100,21279,5.84,8.41,5.59,8.05,2008,"New Hampshire"
"411",3,13,556,1533,52,14482,3.84,10.59,3.39,9.35,2008,"Vermont"
"412",4,14,2446,1042,199,14637,16.71,7.12,19.1,8.14,2008,"Massachusetts"
"413",5,15,2325,1154,153,15933,14.59,7.24,13.26,6.58,2008,"Rhode Island"
"414",6,16,3383,1501,238,21185,15.97,7.09,15.86,7.04,2008,"Connecticut"
"415",7,21,10187,2692,717,40238,25.32,6.69,26.63,7.04,2008,"New York"
"416",8,22,5666,1514,461,20038,28.28,7.56,30.45,8.14,2008,"New Jersey"
"417",9,23,1671,1820,128,29162,5.73,6.24,7.03,7.66,2008,"Pennsylvania"
"418",10,31,1151,1613,68,26410,4.36,6.11,4.22,5.91,2008,"Ohio"
"419",11,32,659,845,33,14778,4.46,5.72,3.91,5.01,2008,"Indiana"
"420",12,33,5006,1856,326,29242,17.12,6.35,17.56,6.51,2008,"Illinois"
"421",13,34,1796,1341,93,22487,7.99,5.96,6.94,5.18,2008,"Michigan"
"422",14,35,1091,1524,60,18403,5.93,8.28,3.94,5.5,2008,"Wisconsin"
"423",15,41,2061,1858,57,23392,8.81,7.94,3.07,2.77,2008,"Minnesota"
"424",16,42,1240,1411,42,18282,6.78,7.72,2.98,3.39,2008,"Iowa"
"425",17,43,646,1133,17,15880,4.07,7.13,1.5,2.63,2008,"Missouri"
"426",18,44,265,1324,14,11841,2.24,11.18,1.06,5.28,2008,"North Dakota"
"427",19,45,509,1675,28,14132,3.6,11.85,1.67,5.5,2008,"South Dakota"
"428",20,46,1144,1482,62,14566,7.85,10.17,4.18,5.42,2008,"Nebraska"
"429",21,47,964,1166,47,13805,6.98,8.45,4.03,4.88,2008,"Kansas"
"430",22,51,1413,893,88,14435,9.79,6.19,9.85,6.23,2008,"Delaware"
"431",23,52,4211,1609,354,22929,18.37,7.02,22,8.41,2008,"Maryland"
"432",24,53,2205,807,130,13513,16.32,5.97,16.11,5.9,2008,"Washington, D.C."
"433",25,54,2849,1461,287,20406,13.96,7.16,19.64,10.07,2008,"Virginia"
"434",26,55,125,467,12,11324,1.1,4.12,2.57,9.6,2008,"West Virginia"
"435",27,56,1687,1430,118,19281,8.75,7.42,8.25,6.99,2008,"North Carolina"
"436",28,57,566,851,59,12464,4.54,6.83,6.93,10.42,2008,"South Carolina"
"437",29,58,2582,1509,221,20535,12.57,7.35,14.65,8.56,2008,"Georgia"
"438",30,59,8804,3295,883,36965,23.82,8.91,26.8,10.03,2008,"Florida"
"439",31,61,589,899,33,14239,4.14,6.31,3.67,5.6,2008,"Kentucky"
"440",32,62,724,962,61,12853,5.63,7.48,6.34,8.43,2008,"Tennessee"
"441",33,63,451,551,17,10387,4.34,5.3,3.09,3.77,2008,"Alabama"
"442",34,64,276,579,14,8773,3.15,6.6,2.42,5.07,2008,"Mississippi"
"443",35,71,549,816,39,10248,5.36,7.96,4.78,7.1,2008,"Arkansas"
"444",36,72,385,590,32,8892,4.33,6.64,5.42,8.31,2008,"Louisiana"
"445",37,73,630,802,34,11246,5.6,7.13,4.24,5.4,2008,"Oklahoma"
"446",38,74,10360,3283,751,47990,21.59,6.84,22.88,7.25,2008,"Texas"
"447",39,81,153,1159,20,9115,1.68,12.72,1.73,13.07,2008,"Montana"
"448",40,82,706,1097,39,10326,6.84,10.62,3.56,5.52,2008,"Idaho"
"449",41,83,367,1312,48,12459,2.95,10.53,3.66,13.08,2008,"Wyoming"
"450",42,84,2649,2220,223,20999,12.61,10.57,10.05,8.42,2008,"Colorado"
"451",43,85,1033,784,82,8799,11.74,8.91,10.46,7.94,2008,"New Mexico"
"452",44,86,2281,787,205,11657,19.57,6.75,26.05,8.99,2008,"Arizona"
"453",45,87,1280,919,66,11777,10.87,7.8,7.18,5.16,2008,"Utah"
"454",46,88,3412,1018,187,14651,23.29,6.95,18.37,5.48,2008,"Nevada"
"455",47,91,2490,1320,197,17312,14.38,7.62,14.92,7.91,2008,"Washington"
"456",48,92,1373,1288,117,13815,9.94,9.32,9.08,8.52,2008,"Oregon"
"457",49,93,28924,6654,2356,80888,35.76,8.23,35.41,8.15,2008,"California"
"458",50,94,934,1060,48,13569,6.88,7.81,4.53,5.14,2008,"Alaska"
"459",51,95,3112,1165,293,14937,20.83,7.8,25.15,9.42,2008,"Hawaii"
"460",1,11,644,1742,59,18612,3.46,9.36,3.39,9.16,2009,"Maine"
"461",2,12,1271,1612,87,21472,5.92,7.51,5.4,6.85,2009,"New Hampshire"
"462",3,13,506,1552,43,14760,3.43,10.51,2.77,8.5,2009,"Vermont"
"463",4,14,2280,907,151,14599,15.62,6.21,16.65,6.62,2009,"Massachusetts"
"464",5,15,2451,1069,184,16087,15.24,6.65,17.21,7.51,2009,"Rhode Island"
"465",6,16,3480,1601,283,21923,15.87,7.3,17.68,8.13,2009,"Connecticut"
"466",7,21,10940,2783,742,41817,26.16,6.66,26.66,6.78,2009,"New York"
"467",8,22,5564,1389,393,20350,27.34,6.83,28.29,7.06,2009,"New Jersey"
"468",9,23,1663,1899,124,28725,5.79,6.61,6.53,7.46,2009,"Pennsylvania"
"469",10,31,1064,1470,52,27040,3.93,5.44,3.54,4.89,2009,"Ohio"
"470",11,32,755,882,30,14848,5.08,5.94,3.4,3.97,2009,"Indiana"
"471",12,33,5089,1775,339,30163,16.87,5.88,19.1,6.66,2009,"Illinois"
"472",13,34,1873,1369,131,22845,8.2,5.99,9.57,6.99,2009,"Michigan"
"473",14,35,1040,1446,71,18660,5.57,7.75,4.91,6.83,2009,"Wisconsin"
"474",15,41,2008,1729,96,23639,8.49,7.31,5.55,4.78,2009,"Minnesota"
"475",16,42,1278,1430,54,17993,7.1,7.95,3.78,4.23,2009,"Iowa"
"476",17,43,656,1009,35,16456,3.99,6.13,3.47,5.34,2009,"Missouri"
"477",18,44,360,1131,14,11727,3.07,9.64,1.24,3.89,2009,"North Dakota"
"478",19,45,543,1602,22,14478,3.75,11.07,1.37,4.05,2009,"South Dakota"
"479",20,46,1356,1312,53,14812,9.15,8.86,4.04,3.91,2009,"Nebraska"
"480",21,47,1065,1152,49,13756,7.74,8.37,4.25,4.6,2009,"Kansas"
"481",22,51,1412,809,73,14454,9.77,5.6,9.02,5.17,2009,"Delaware"
"482",23,52,4560,1511,295,23266,19.6,6.49,19.52,6.47,2009,"Maryland"
"483",24,53,2351,781,150,13447,17.48,5.81,19.21,6.38,2009,"Washington, D.C."
"484",25,54,2665,1204,239,20419,13.05,5.9,19.85,8.97,2009,"Virginia"
"485",26,55,153,530,13,10985,1.39,4.82,2.45,8.5,2009,"West Virginia"
"486",27,56,1682,1241,101,19165,8.78,6.48,8.14,6,2009,"North Carolina"
"487",28,57,565,822,53,12686,4.45,6.48,6.45,9.38,2009,"South Carolina"
"488",29,58,2553,1361,179,20682,12.34,6.58,13.15,7.01,2009,"Georgia"
"489",30,59,8441,2939,757,36895,22.88,7.97,25.76,8.97,2009,"Florida"
"490",31,61,661,864,50,14254,4.64,6.06,5.79,7.56,2009,"Kentucky"
"491",32,62,757,886,63,13170,5.75,6.73,7.11,8.32,2009,"Tennessee"
"492",33,63,431,495,18,10501,4.1,4.71,3.64,4.18,2009,"Alabama"
"493",34,64,278,530,32,8722,3.19,6.08,6.04,11.51,2009,"Mississippi"
"494",35,71,588,735,29,10001,5.88,7.35,3.95,4.93,2009,"Arkansas"
"495",36,72,463,645,32,9221,5.02,6.99,4.96,6.91,2009,"Louisiana"
"496",37,73,715,870,57,11587,6.17,7.51,6.55,7.97,2009,"Oklahoma"
"497",38,74,10758,3235,737,50014,21.51,6.47,22.78,6.85,2009,"Texas"
"498",39,81,158,969,20,8877,1.78,10.92,2.06,12.66,2009,"Montana"
"499",40,82,750,949,32,10432,7.19,9.1,3.37,4.27,2009,"Idaho"
"500",41,83,491,1190,63,12924,3.8,9.21,5.29,12.83,2009,"Wyoming"
"501",42,84,2707,2003,236,21335,12.69,9.39,11.78,8.72,2009,"Colorado"
"502",43,85,1026,625,69,8473,12.11,7.38,11.04,6.73,2009,"New Mexico"
"503",44,86,2032,849,192,11291,18,7.52,22.61,9.45,2009,"Arizona"
"504",45,87,1148,863,57,11367,10.1,7.59,6.6,4.97,2009,"Utah"
"505",46,88,3355,921,150,14899,22.52,6.18,16.29,4.47,2009,"Nevada"
"506",47,91,2638,1273,191,17243,15.3,7.38,15,7.24,2009,"Washington"
"507",48,92,1449,1302,95,14261,10.16,9.13,7.3,6.56,2009,"Oregon"
"508",49,93,28919,6264,2078,82288,35.14,7.61,33.17,7.19,2009,"California"
"509",50,94,1028,912,92,13467,7.63,6.77,10.09,8.95,2009,"Alaska"
"510",51,95,3348,1050,252,15001,22.32,7,24,7.53,2009,"Hawaii"
"511",1,11,559,1663,43,18613,3,8.93,2.59,7.69,2010,"Maine"
"512",2,12,1368,1652,116,21010,6.51,7.86,7.02,8.48,2010,"New Hampshire"
"513",3,13,545,1455,46,14668,3.72,9.92,3.16,8.44,2010,"Vermont"
"514",4,14,2337,947,169,14624,15.98,6.48,17.85,7.23,2010,"Massachusetts"
"515",5,15,2578,1035,149,16253,15.86,6.37,14.4,5.78,2010,"Rhode Island"
"516",6,16,3614,1541,322,22294,16.21,6.91,20.9,8.91,2010,"Connecticut"
"517",7,21,10925,2531,675,41877,26.09,6.04,26.67,6.18,2010,"New York"
"518",8,22,5684,1228,331,19989,28.44,6.14,26.95,5.82,2010,"New Jersey"
"519",9,23,1824,1701,146,28425,6.42,5.98,8.58,8,2010,"Pennsylvania"
"520",10,31,1057,1597,62,27009,3.91,5.91,3.88,5.87,2010,"Ohio"
"521",11,32,730,777,35,14456,5.05,5.37,4.5,4.79,2010,"Indiana"
"522",12,33,5170,1654,375,29907,17.29,5.53,22.67,7.25,2010,"Illinois"
"523",13,34,1973,1350,122,22971,8.59,5.88,9.04,6.18,2010,"Michigan"
"524",14,35,1038,1323,64,18783,5.53,7.04,4.84,6.17,2010,"Wisconsin"
"525",15,41,2090,1677,82,23403,8.93,7.17,4.89,3.92,2010,"Minnesota"
"526",16,42,1240,1412,70,17896,6.93,7.89,4.96,5.65,2010,"Iowa"
"527",17,43,735,1003,49,16649,4.41,6.02,4.89,6.67,2010,"Missouri"
"528",18,44,322,1173,16,12210,2.64,9.61,1.36,4.97,2010,"North Dakota"
"529",19,45,577,1615,24,15009,3.84,10.76,1.49,4.16,2010,"South Dakota"
"530",20,46,1421,1229,45,14665,9.69,8.38,3.66,3.17,2010,"Nebraska"
"531",21,47,940,1060,46,13632,6.9,7.78,4.34,4.89,2010,"Kansas"
"532",22,51,1628,820,48,14601,11.15,5.62,5.85,2.95,2010,"Delaware"
"533",23,52,4434,1371,258,22962,19.31,5.97,18.82,5.82,2010,"Maryland"
"534",24,53,2356,696,141,13522,17.42,5.15,20.26,5.98,2010,"Washington, D.C."
"535",25,54,2879,1270,224,21008,13.7,6.05,17.64,7.78,2010,"Virginia"
"536",26,55,125,444,8,10525,1.19,4.22,1.8,6.4,2010,"West Virginia"
"537",27,56,1949,1201,116,19188,10.16,6.26,9.66,5.95,2010,"North Carolina"
"538",28,57,620,721,60,12604,4.92,5.72,8.32,9.68,2010,"South Carolina"
"539",29,58,2666,1254,229,21160,12.6,5.93,18.26,8.59,2010,"Georgia"
"540",30,59,8501,2668,801,36865,23.06,7.24,30.02,9.42,2010,"Florida"
"541",31,61,703,777,40,14328,4.91,5.42,5.15,5.69,2010,"Kentucky"
"542",32,62,796,883,64,13243,6.01,6.67,7.25,8.04,2010,"Tennessee"
"543",33,63,405,535,28,10607,3.82,5.04,5.23,6.91,2010,"Alabama"
"544",34,64,281,528,31,8793,3.2,6,5.87,11.03,2010,"Mississippi"
"545",35,71,583,653,23,9858,5.91,6.62,3.52,3.95,2010,"Arkansas"
"546",36,72,408,626,41,9110,4.48,6.87,6.55,10.05,2010,"Louisiana"
"547",37,73,710,821,60,11672,6.08,7.03,7.31,8.45,2010,"Oklahoma"
"548",38,74,11098,3139,777,50755,21.87,6.18,24.75,7,2010,"Texas"
"549",39,81,210,945,31,8651,2.43,10.92,3.28,14.76,2010,"Montana"
"550",40,82,737,964,42,10267,7.18,9.39,4.36,5.7,2010,"Idaho"
"551",41,83,393,1074,39,12986,3.03,8.27,3.63,9.92,2010,"Wyoming"
"552",42,84,2829,1947,264,21564,13.12,9.03,13.56,9.33,2010,"Colorado"
"553",43,85,923,524,31,8248,11.19,6.35,5.92,3.36,2010,"New Mexico"
"554",44,86,2103,881,167,11666,18.03,7.55,18.96,7.94,2010,"Arizona"
"555",45,87,1325,816,39,11406,11.62,7.15,4.78,2.94,2010,"Utah"
"556",46,88,3538,935,214,14772,23.95,6.33,22.89,6.05,2010,"Nevada"
"557",47,91,2825,1120,166,17219,16.41,6.5,14.82,5.88,2010,"Washington"
"558",48,92,1560,1226,102,14044,11.11,8.73,8.32,6.54,2010,"Oregon"
"559",49,93,29993,6370,2278,83820,35.78,7.6,35.76,7.6,2010,"California"
"560",50,94,1131,881,105,13160,8.59,6.69,11.92,9.28,2010,"Alaska"
"561",51,95,3199,1132,274,14970,21.37,7.56,24.2,8.57,2010,"Hawaii"
"562",1,11,507,1368,25,17251,2.94,7.93,1.83,4.93,2011,"Maine"
"563",2,12,1324,1636,80,20763,6.38,7.88,4.89,6.04,2011,"New Hampshire"
"564",3,13,543,1392,51,14393,3.77,9.67,3.66,9.39,2011,"Vermont"
"565",4,14,2511,1015,138,14578,17.22,6.96,13.6,5.5,2011,"Massachusetts"
"566",5,15,2482,1008,155,15883,15.63,6.35,15.38,6.24,2011,"Rhode Island"
"567",6,16,3561,1460,317,21796,16.34,6.7,21.71,8.9,2011,"Connecticut"
"568",7,21,10939,2333,681,41696,26.24,5.6,29.19,6.23,2011,"New York"
"569",8,22,5517,1112,291,19484,28.32,5.71,26.17,5.27,2011,"New Jersey"
"570",9,23,2114,1601,158,28183,7.5,5.68,9.87,7.47,2011,"Pennsylvania"
"571",10,31,1182,1475,55,25844,4.57,5.71,3.73,4.65,2011,"Ohio"
"572",11,32,733,667,39,14103,5.2,4.73,5.85,5.32,2011,"Indiana"
"573",12,33,4917,1572,380,28975,16.97,5.43,24.17,7.73,2011,"Illinois"
"574",13,34,1892,1274,117,22285,8.49,5.72,9.18,6.18,2011,"Michigan"
"575",14,35,1149,1362,69,18581,6.18,7.33,5.07,6.01,2011,"Wisconsin"
"576",15,41,2151,1773,89,23319,9.22,7.6,5.02,4.14,2011,"Minnesota"
"577",16,42,1158,1349,46,18136,6.39,7.44,3.41,3.97,2011,"Iowa"
"578",17,43,667,1008,73,15875,4.2,6.35,7.24,10.94,2011,"Missouri"
"579",18,44,410,1171,43,11876,3.45,9.86,3.67,10.49,2011,"North Dakota"
"580",19,45,555,1646,12,14860,3.73,11.08,0.73,2.16,2011,"South Dakota"
"581",20,46,1596,1287,76,14622,10.92,8.8,5.91,4.76,2011,"Nebraska"
"582",21,47,1113,864,46,13620,8.17,6.34,5.32,4.13,2011,"Kansas"
"583",22,51,1723,849,97,14992,11.49,5.66,11.43,5.63,2011,"Delaware"
"584",23,52,4554,1498,306,23502,19.38,6.37,20.43,6.72,2011,"Maryland"
"585",24,53,2419,636,178,13964,17.32,4.55,27.99,7.36,2011,"Washington, D.C."
"586",25,54,2905,1221,236,20983,13.84,5.82,19.33,8.12,2011,"Virginia"
"587",26,55,136,440,14,10390,1.31,4.23,3.18,10.29,2011,"West Virginia"
"588",27,56,1903,1290,194,18717,10.17,6.89,15.04,10.19,2011,"North Carolina"
"589",28,57,624,619,69,12239,5.1,5.06,11.15,11.06,2011,"South Carolina"
"590",29,58,2651,1153,220,20553,12.9,5.61,19.08,8.3,2011,"Georgia"
"591",30,59,8222,2469,747,35983,22.85,6.86,30.26,9.09,2011,"Florida"
"592",31,61,618,734,18,14040,4.4,5.23,2.45,2.91,2011,"Kentucky"
"593",32,62,666,862,63,12666,5.26,6.81,7.31,9.46,2011,"Tennessee"
"594",33,63,387,536,15,10424,3.71,5.14,2.8,3.88,2011,"Alabama"
"595",34,64,272,454,21,8788,3.1,5.17,4.63,7.72,2011,"Mississippi"
"596",35,71,602,557,27,9852,6.11,5.65,4.85,4.49,2011,"Arkansas"
"597",36,72,339,502,23,9093,3.73,5.52,4.58,6.78,2011,"Louisiana"
"598",37,73,601,681,25,11180,5.38,6.09,3.67,4.16,2011,"Oklahoma"
"599",38,74,11554,3114,758,50989,22.66,6.11,24.34,6.56,2011,"Texas"
"600",39,81,213,925,35,8601,2.48,10.75,3.78,16.43,2011,"Montana"
"601",40,82,904,912,45,10546,8.57,8.65,4.93,4.98,2011,"Idaho"
"602",41,83,475,965,20,12826,3.7,7.52,2.07,4.21,2011,"Wyoming"
"603",42,84,2536,1906,163,21540,11.77,8.85,8.55,6.43,2011,"Colorado"
"604",43,85,980,474,66,7833,12.51,6.05,13.92,6.73,2011,"New Mexico"
"605",44,86,2235,807,175,11725,19.06,6.88,21.69,7.83,2011,"Arizona"
"606",45,87,1276,692,68,11203,11.39,6.18,9.83,5.33,2011,"Utah"
"607",46,88,3483,811,182,14440,24.12,5.62,22.44,5.23,2011,"Nevada"
"608",47,91,2622,1157,170,16986,15.44,6.81,14.69,6.48,2011,"Washington"
"609",48,92,1618,1160,107,14063,11.51,8.25,9.22,6.61,2011,"Oregon"
"610",49,93,29260,6186,2156,82871,35.31,7.46,34.85,7.37,2011,"California"
"611",50,94,1117,894,81,12548,8.9,7.12,9.06,7.25,2011,"Alaska"
"612",51,95,2977,1009,201,14731,20.21,6.85,19.92,6.75,2011,"Hawaii"
"613",1,11,578,1439,44,16948,3.41,8.49,3.06,7.61,2012,"Maine"
"614",2,12,1279,1625,76,20079,6.37,8.09,4.68,5.94,2012,"New Hampshire"
"615",3,13,618,1496,84,14027,4.41,10.67,5.61,13.59,2012,"Vermont"
"616",4,14,2520,1114,206,14375,17.53,7.75,18.49,8.17,2012,"Massachusetts"
"617",5,15,2466,1011,149,15698,15.71,6.44,14.74,6.04,2012,"Rhode Island"
"618",6,16,3519,1404,299,20851,16.88,6.73,21.3,8.5,2012,"Connecticut"
"619",7,21,10906,2261,650,41119,26.52,5.5,28.75,5.96,2012,"New York"
"620",8,22,5316,1081,334,18920,28.1,5.71,30.9,6.28,2012,"New Jersey"
"621",9,23,2050,1581,141,28500,7.19,5.55,8.92,6.88,2012,"Pennsylvania"
"622",10,31,1242,1470,67,24972,4.97,5.89,4.56,5.39,2012,"Ohio"
"623",11,32,658,688,22,13989,4.7,4.92,3.2,3.34,2012,"Indiana"
"624",12,33,4986,1585,381,29325,17,5.4,24.04,7.64,2012,"Illinois"
"625",13,34,1847,1297,168,22121,8.35,5.86,12.95,9.1,2012,"Michigan"
"626",14,35,1028,1244,53,18246,5.63,6.82,4.26,5.16,2012,"Wisconsin"
"627",15,41,2298,1707,77,23303,9.86,7.33,4.51,3.35,2012,"Minnesota"
"628",16,42,1261,1359,36,17926,7.03,7.58,2.65,2.85,2012,"Iowa"
"629",17,43,593,1016,53,15379,3.86,6.61,5.22,8.94,2012,"Missouri"
"630",18,44,542,1205,42,12244,4.43,9.84,3.49,7.75,2012,"North Dakota"
"631",19,45,474,1640,22,14112,3.36,11.62,1.34,4.64,2012,"South Dakota"
"632",20,46,1604,1309,79,14541,11.03,9,6.04,4.93,2012,"Nebraska"
"633",21,47,1118,869,39,13231,8.45,6.57,4.49,3.49,2012,"Kansas"
"634",22,51,1813,833,119,14419,12.57,5.78,14.29,6.56,2012,"Delaware"
"635",23,52,4407,1371,296,22886,19.26,5.99,21.59,6.72,2012,"Maryland"
"636",24,53,2653,659,166,14086,18.83,4.68,25.19,6.26,2012,"Washington, D.C."
"637",25,54,2731,1260,244,20446,13.36,6.16,19.37,8.93,2012,"Virginia"
"638",26,55,156,424,4,10346,1.51,4.1,0.94,2.56,2012,"West Virginia"
"639",27,56,1881,1243,172,18661,10.08,6.66,13.84,9.14,2012,"North Carolina"
"640",28,57,661,569,51,12386,5.34,4.59,8.96,7.72,2012,"South Carolina"
"641",29,58,2532,1295,282,19952,12.69,6.49,21.78,11.14,2012,"Georgia"
"642",30,59,8717,2688,762,36378,23.96,7.39,28.35,8.74,2012,"Florida"
"643",31,61,633,712,20,14102,4.49,5.05,2.81,3.16,2012,"Kentucky"
"644",32,62,758,701,66,12726,5.96,5.51,9.42,8.71,2012,"Tennessee"
"645",33,63,394,492,30,10208,3.86,4.82,6.1,7.61,2012,"Alabama"
"646",34,64,252,441,27,8578,2.94,5.14,6.12,10.71,2012,"Mississippi"
"647",35,71,630,537,40,9997,6.3,5.37,7.45,6.35,2012,"Arkansas"
"648",36,72,384,568,53,9133,4.2,6.22,9.33,13.8,2012,"Louisiana"
"649",37,73,598,718,35,10660,5.61,6.74,4.87,5.85,2012,"Oklahoma"
"650",38,74,11566,3211,854,50929,22.71,6.3,26.6,7.38,2012,"Texas"
"651",39,81,204,846,20,8536,2.39,9.91,2.36,9.8,2012,"Montana"
"652",40,82,1011,821,46,10061,10.05,8.16,5.6,4.55,2012,"Idaho"
"653",41,83,468,853,18,12287,3.81,6.94,2.11,3.85,2012,"Wyoming"
"654",42,84,2322,1869,181,21465,10.82,8.71,9.68,7.8,2012,"Colorado"
"655",43,85,1055,531,74,7697,13.71,6.9,13.94,7.01,2012,"New Mexico"
"656",44,86,2283,822,182,11565,19.74,7.11,22.14,7.97,2012,"Arizona"
"657",45,87,1293,586,52,11383,11.36,5.15,8.87,4.02,2012,"Utah"
"658",46,88,3452,745,201,14354,24.05,5.19,26.98,5.82,2012,"Nevada"
"659",47,91,2705,1251,236,16976,15.93,7.37,18.86,8.72,2012,"Washington"
"660",48,92,1587,1151,109,13687,11.59,8.41,9.47,6.87,2012,"Oregon"
"661",49,93,28769,5910,2077,83199,34.58,7.1,35.14,7.22,2012,"California"
"662",50,94,1045,845,75,11988,8.72,7.05,8.88,7.18,2012,"Alaska"
"663",51,95,2935,1037,195,14768,19.87,7.02,18.8,6.64,2012,"Hawaii"
"664",1,11,557,1364,46,16217,3.43,8.41,3.37,8.26,2013,"Maine"
"665",2,12,1285,1529,91,19600,6.56,7.8,5.95,7.08,2013,"New Hampshire"
"666",3,13,587,1385,46,13389,4.38,10.34,3.32,7.84,2013,"Vermont"
"667",4,14,2397,820,130,13765,17.41,5.96,15.85,5.42,2013,"Massachusetts"
"668",5,15,2452,986,150,15070,16.27,6.54,15.21,6.12,2013,"Rhode Island"
"669",6,16,3343,1284,269,20453,16.34,6.28,20.95,8.05,2013,"Connecticut"
"670",7,21,10377,2269,617,39366,26.36,5.76,27.19,5.95,2013,"New York"
"671",8,22,5085,991,320,18296,27.79,5.42,32.29,6.29,2013,"New Jersey"
"672",9,23,2054,1525,109,28390,7.23,5.37,7.15,5.31,2013,"Pennsylvania"
"673",10,31,1245,1415,65,25132,4.95,5.63,4.59,5.22,2013,"Ohio"
"674",11,32,744,738,58,14017,5.31,5.27,7.86,7.8,2013,"Indiana"
"675",12,33,4980,1575,335,28644,17.39,5.5,21.27,6.73,2013,"Illinois"
"676",13,34,1908,1198,93,21787,8.76,5.5,7.76,4.87,2013,"Michigan"
"677",14,35,1098,1339,83,18609,5.9,7.2,6.2,7.56,2013,"Wisconsin"
"678",15,41,2344,1612,72,22615,10.36,7.13,4.47,3.07,2013,"Minnesota"
"679",16,42,1272,1292,59,17619,7.22,7.33,4.57,4.64,2013,"Iowa"
"680",17,43,609,1018,57,15185,4.01,6.7,5.6,9.36,2013,"Missouri"
"681",18,44,505,1279,34,12510,4.04,10.22,2.66,6.73,2013,"North Dakota"
"682",19,45,414,1570,30,13939,2.97,11.26,1.91,7.25,2013,"South Dakota"
"683",20,46,1562,1277,55,13928,11.21,9.17,4.31,3.52,2013,"Nebraska"
"684",21,47,1183,936,53,13371,8.85,7,5.66,4.48,2013,"Kansas"
"685",22,51,1561,821,99,14313,10.91,5.74,12.06,6.34,2013,"Delaware"
"686",23,52,4513,1432,326,22839,19.76,6.27,22.77,7.22,2013,"Maryland"
"687",24,53,2584,680,131,14330,18.03,4.75,19.26,5.07,2013,"Washington, D.C."
"688",25,54,2930,1160,212,20590,14.23,5.63,18.28,7.24,2013,"Virginia"
"689",26,55,150,485,17,9957,1.51,4.87,3.51,11.33,2013,"West Virginia"
"690",27,56,2160,1163,172,18681,11.56,6.23,14.79,7.96,2013,"North Carolina"
"691",28,57,683,572,46,12073,5.66,4.74,8.04,6.73,2013,"South Carolina"
"692",29,58,2559,1136,258,20386,12.55,5.57,22.71,10.08,2013,"Georgia"
"693",30,59,8831,2878,929,36561,24.15,7.87,32.28,10.52,2013,"Florida"
"694",31,61,683,657,27,13960,4.89,4.71,4.11,3.95,2013,"Kentucky"
"695",32,62,744,776,51,12538,5.93,6.19,6.57,6.85,2013,"Tennessee"
"696",33,63,475,441,51,10161,4.67,4.34,11.56,10.74,2013,"Alabama"
"697",34,64,170,412,31,8294,2.05,4.97,7.52,18.24,2013,"Mississippi"
"698",35,71,758,523,35,10211,7.42,5.12,6.69,4.62,2013,"Arkansas"
"699",36,72,518,661,45,9766,5.3,6.77,6.81,8.69,2013,"Louisiana"
"700",37,73,774,733,67,10606,7.3,6.91,9.14,8.66,2013,"Oklahoma"
"701",38,74,11351,2982,781,50819,22.34,5.87,26.19,6.88,2013,"Texas"
"702",39,81,179,926,13,8732,2.05,10.6,1.4,7.26,2013,"Montana"
"703",40,82,962,807,31,9657,9.96,8.36,3.84,3.22,2013,"Idaho"
"704",41,83,384,857,21,11683,3.29,7.34,2.45,5.47,2013,"Wyoming"
"705",42,84,2411,1867,156,21485,11.22,8.69,8.36,6.47,2013,"Colorado"
"706",43,85,920,513,75,7553,12.18,6.79,14.62,8.15,2013,"New Mexico"
"707",44,86,2127,795,163,11213,18.97,7.09,20.5,7.66,2013,"Arizona"
"708",45,87,1235,687,67,11823,10.45,5.81,9.75,5.43,2013,"Utah"
"709",46,88,3381,654,186,13692,24.69,4.78,28.44,5.5,2013,"Nevada"
"710",47,91,2614,987,183,16878,15.49,5.85,18.54,7,2013,"Washington"
"711",48,92,1565,1055,132,13382,11.69,7.88,12.51,8.43,2013,"Oregon"
"712",49,93,28627,6264,2245,83785,34.17,7.48,35.84,7.84,2013,"California"
"713",50,94,1110,807,108,11621,9.55,6.94,13.38,9.73,2013,"Alaska"
"714",51,95,2931,918,188,14702,19.94,6.24,20.48,6.41,2013,"Hawaii"
"715",1,11,465,1170,31,13325,3.49,8.78,2.65,6.67,2014,"Maine"
"716",2,12,1185,1365,89,17455,6.79,7.82,6.52,7.51,2014,"New Hampshire"
"717",3,13,496,1294,68,12709,3.9,10.18,5.26,13.71,2014,"Vermont"
"718",4,14,2927,1029,198,15201,19.26,6.77,19.24,6.76,2014,"Massachusetts"
"719",5,15,2077,833,108,12919,16.08,6.45,12.97,5.2,2014,"Rhode Island"
"720",6,16,2784,1261,235,17125,16.26,7.36,18.64,8.44,2014,"Connecticut"
"721",7,21,10182,2272,649,39196,25.98,5.8,28.57,6.37,2014,"New York"
"722",8,22,5290,1102,346,18789,28.15,5.87,31.4,6.54,2014,"New Jersey"
"723",9,23,2265,1412,148,27387,8.27,5.16,10.48,6.53,2014,"Pennsylvania"
"724",10,31,1321,1333,71,24634,5.36,5.41,5.33,5.37,2014,"Ohio"
"725",11,32,923,746,72,14182,6.51,5.26,9.65,7.8,2014,"Indiana"
"726",12,33,5022,1695,360,28468,17.64,5.95,21.24,7.17,2014,"Illinois"
"727",13,34,1842,1059,93,21078,8.74,5.02,8.78,5.05,2014,"Michigan"
"728",14,35,904,1146,65,16792,5.38,6.82,5.67,7.19,2014,"Wisconsin"
"729",15,41,1883,1509,59,19551,9.63,7.72,3.91,3.13,2014,"Minnesota"
"730",16,42,1055,1099,32,15368,6.86,7.15,2.91,3.03,2014,"Iowa"
"731",17,43,594,898,58,14165,4.19,6.34,6.46,9.76,2014,"Missouri"
"732",18,44,578,1306,26,13372,4.32,9.77,1.99,4.5,2014,"North Dakota"
"733",19,45,360,1436,13,13065,2.76,10.99,0.91,3.61,2014,"South Dakota"
"734",20,46,1314,960,53,12869,10.21,7.46,5.52,4.03,2014,"Nebraska"
"735",21,47,1315,830,51,13037,10.09,6.37,6.14,3.88,2014,"Kansas"
"736",22,51,1444,751,83,13151,10.98,5.71,11.05,5.75,2014,"Delaware"
"737",23,52,4029,1237,308,19302,20.87,6.41,24.9,7.64,2014,"Maryland"
"738",24,53,2605,717,146,15109,17.24,4.75,20.36,5.6,2014,"Washington, D.C."
"739",25,54,2977,1119,200,20120,14.8,5.56,17.87,6.72,2014,"Virginia"
"740",26,55,200,554,24,13546,1.48,4.09,4.33,12,2014,"West Virginia"
"741",27,56,2376,1144,179,19413,12.24,5.89,15.65,7.53,2014,"North Carolina"
"742",28,57,678,616,52,12420,5.46,4.96,8.44,7.67,2014,"South Carolina"
"743",29,58,2671,1282,271,20305,13.15,6.31,21.14,10.15,2014,"Georgia"
"744",30,59,9086,2814,951,36979,24.57,7.61,33.8,10.47,2014,"Florida"
"745",31,61,659,602,20,13601,4.85,4.43,3.32,3.03,2014,"Kentucky"
"746",32,62,869,811,47,14094,6.17,5.75,5.8,5.41,2014,"Tennessee"
"747",33,63,582,532,36,12616,4.61,4.22,6.77,6.19,2014,"Alabama"
"748",34,64,233,626,31,11385,2.05,5.5,4.95,13.3,2014,"Mississippi"
"749",35,71,1005,611,41,12072,8.33,5.06,6.71,4.08,2014,"Arkansas"
"750",36,72,719,856,75,13208,5.44,6.48,8.76,10.43,2014,"Louisiana"
"751",37,73,968,832,69,11788,8.21,7.06,8.29,7.13,2014,"Oklahoma"
"752",38,74,11284,3126,799,51160,22.06,6.11,25.56,7.08,2014,"Texas"
"753",39,81,240,1276,32,12042,1.99,10.6,2.51,13.33,2014,"Montana"
"754",40,82,1025,885,54,11290,9.08,7.84,6.1,5.27,2014,"Idaho"
"755",41,83,534,1157,40,12936,4.13,8.94,3.46,7.49,2014,"Wyoming"
"756",42,84,2386,1650,149,18532,12.88,8.9,9.03,6.24,2014,"Colorado"
"757",43,85,1219,620,74,9974,12.22,6.22,11.94,6.07,2014,"New Mexico"
"758",44,86,2515,748,197,12433,20.23,6.02,26.34,7.83,2014,"Arizona"
"759",45,87,1459,790,97,12209,11.95,6.47,12.28,6.65,2014,"Utah"
"760",46,88,3219,705,185,12925,24.91,5.45,26.24,5.75,2014,"Nevada"
"761",47,91,2771,955,174,16843,16.45,5.67,18.22,6.28,2014,"Washington"
"762",48,92,1640,1043,105,13396,12.24,7.79,10.07,6.4,2014,"Oregon"
"763",49,93,27892,6374,2316,83667,33.34,7.62,36.34,8.3,2014,"California"
"764",50,94,1173,681,81,11585,10.13,5.88,11.89,6.91,2014,"Alaska"
"765",51,95,2958,1003,274,14456,20.46,6.94,27.32,9.26,2014,"Hawaii"
"766",1,11,284,874,34,8877,3.2,9.85,3.89,11.97,2015,"Maine"
"767",2,12,875,1004,66,13326,6.57,7.53,6.57,7.54,2015,"New Hampshire"
"768",3,13,633,1245,51,12351,5.13,10.08,4.1,8.06,2015,"Vermont"
"769",4,14,3318,978,201,17454,19.01,5.6,20.55,6.06,2015,"Massachusetts"
"770",5,15,1656,590,98,9825,16.85,6.01,16.61,5.92,2015,"Rhode Island"
"771",6,16,1943,869,177,11239,17.29,7.73,20.37,9.11,2015,"Connecticut"
"772",7,21,9897,2366,712,37803,26.18,6.26,30.09,7.19,2015,"New York"
"773",8,22,5550,1211,351,19121,29.03,6.33,28.98,6.32,2015,"New Jersey"
"774",9,23,2148,1405,121,25918,8.29,5.42,8.61,5.63,2015,"Pennsylvania"
"775",10,31,1330,1326,89,23294,5.71,5.69,6.71,6.69,2015,"Ohio"
"776",11,32,1053,819,75,14447,7.29,5.67,9.16,7.12,2015,"Indiana"
"777",12,33,5042,1617,371,26961,18.7,6,22.94,7.36,2015,"Illinois"
"778",13,34,1542,1050,108,20163,7.65,5.21,10.29,7,2015,"Michigan"
"779",14,35,739,968,42,13648,5.41,7.09,4.34,5.68,2015,"Wisconsin"
"780",15,41,1416,1196,56,13559,10.44,8.82,4.68,3.95,2015,"Minnesota"
"781",16,42,745,956,47,11060,6.74,8.64,4.92,6.31,2015,"Iowa"
"782",17,43,568,907,38,12943,4.39,7.01,4.19,6.69,2015,"Missouri"
"783",18,44,722,1175,20,13870,5.21,8.47,1.7,2.77,2015,"North Dakota"
"784",19,45,348,1015,15,9918,3.51,10.23,1.48,4.31,2015,"South Dakota"
"785",20,46,1127,744,38,11555,9.75,6.44,5.11,3.37,2015,"Nebraska"
"786",21,47,1162,819,67,11180,10.39,7.33,8.18,5.77,2015,"Kansas"
"787",22,51,1318,525,68,10591,12.44,4.96,12.95,5.16,2015,"Delaware"
"788",23,52,2625,779,203,13512,19.43,5.77,26.06,7.73,2015,"Maryland"
"789",24,53,3034,741,165,16169,18.76,4.58,22.27,5.44,2015,"Washington, D.C."
"790",25,54,2639,953,202,18043,14.63,5.28,21.2,7.65,2015,"Virginia"
"791",26,55,321,861,21,18541,1.73,4.64,2.44,6.54,2015,"West Virginia"
"792",27,56,2404,1184,140,20382,11.79,5.81,11.82,5.82,2015,"North Carolina"
"793",28,57,877,762,80,13796,6.36,5.52,10.5,9.12,2015,"South Carolina"
"794",29,58,2767,1229,199,20461,13.52,6.01,16.19,7.19,2015,"Georgia"
"795",30,59,9095,2699,894,38053,23.9,7.09,33.12,9.83,2015,"Florida"
"796",31,61,529,580,24,12083,4.38,4.8,4.14,4.54,2015,"Kentucky"
"797",32,62,1085,778,75,16276,6.67,4.78,9.64,6.91,2015,"Tennessee"
"798",33,63,746,750,34,16886,4.42,4.44,4.53,4.56,2015,"Alabama"
"799",34,64,391,818,25,16469,2.37,4.97,3.06,6.39,2015,"Mississippi"
"800",35,71,990,817,48,15333,6.46,5.33,5.88,4.85,2015,"Arkansas"
"801",36,72,1041,1153,71,20212,5.15,5.7,6.16,6.82,2015,"Louisiana"
"802",37,73,1229,966,73,13324,9.22,7.25,7.56,5.94,2015,"Oklahoma"
"803",38,74,11326,3270,938,50334,22.5,6.5,28.69,8.28,2015,"Texas"
"804",39,81,381,1816,40,17030,2.24,10.66,2.2,10.5,2015,"Montana"
"805",40,82,1247,909,73,13180,9.46,6.9,8.03,5.85,2015,"Idaho"
"806",41,83,494,1095,33,13167,3.75,8.32,3.01,6.68,2015,"Wyoming"
"807",42,84,1667,1193,79,13122,12.7,9.09,6.62,4.74,2015,"Colorado"
"808",43,85,1946,796,117,15031,12.95,5.3,14.7,6.01,2015,"New Mexico"
"809",44,86,2929,866,256,14330,20.44,6.04,29.56,8.74,2015,"Arizona"
"810",45,87,1511,837,69,13355,11.31,6.27,8.24,4.57,2015,"Utah"
"811",46,88,2871,580,142,11558,24.84,5.02,24.48,4.95,2015,"Nevada"
"812",47,91,2668,1047,189,16198,16.47,6.46,18.05,7.08,2015,"Washington"
"813",48,92,1742,1099,97,13523,12.88,8.13,8.83,5.57,2015,"Oregon"
"814",49,93,27318,5861,2094,81281,33.61,7.21,35.73,7.67,2015,"California"
"815",50,94,1202,614,54,11565,10.39,5.31,8.79,4.49,2015,"Alaska"
"816",51,95,2879,886,200,13997,20.57,6.33,22.57,6.95,2015,"Hawaii"
"817",1,11,272,790,24,7753,3.51,10.19,3.04,8.82,2016,"Maine"
"818",2,12,765,875,57,12120,6.31,7.22,6.51,7.45,2016,"New Hampshire"
"819",3,13,571,1161,43,11985,4.76,9.69,3.7,7.53,2016,"Vermont"
"820",4,14,3820,1095,232,19005,20.1,5.76,21.19,6.07,2016,"Massachusetts"
"821",5,15,1466,458,82,8411,17.43,5.45,17.9,5.59,2016,"Rhode Island"
"822",6,16,1722,693,154,9166,18.79,7.56,22.22,8.94,2016,"Connecticut"
"823",7,21,9394,2329,652,37003,25.39,6.29,27.99,6.94,2016,"New York"
"824",8,22,5252,1094,316,18539,28.33,5.9,28.88,6.02,2016,"New Jersey"
"825",9,23,2057,1253,117,25459,8.08,4.92,9.34,5.69,2016,"Pennsylvania"
"826",10,31,1261,1199,77,23498,5.37,5.1,6.42,6.11,2016,"Ohio"
"827",11,32,890,849,67,14956,5.95,5.68,7.89,7.53,2016,"Indiana"
"828",12,33,4639,1581,319,26648,17.41,5.93,20.18,6.88,2016,"Illinois"
"829",13,34,1562,1139,100,20416,7.65,5.58,8.78,6.4,2016,"Michigan"
"830",14,35,805,886,60,12591,6.39,7.04,6.77,7.45,2016,"Wisconsin"
"831",15,41,1198,911,54,11593,10.33,7.86,5.93,4.51,2016,"Minnesota"
"832",16,42,765,817,15,10075,7.59,8.11,1.84,1.96,2016,"Iowa"
"833",17,43,599,858,45,12405,4.83,6.92,5.24,7.51,2016,"Missouri"
"834",18,44,727,1270,17,13799,5.27,9.2,1.34,2.34,2016,"North Dakota"
"835",19,45,437,1048,17,9934,4.4,10.55,1.62,3.89,2016,"South Dakota"
"836",20,46,1102,844,46,11330,9.73,7.45,5.45,4.17,2016,"Nebraska"
"837",21,47,1154,763,53,11072,10.42,6.89,6.95,4.59,2016,"Kansas"
"838",22,51,1253,532,59,9982,12.55,5.33,11.09,4.71,2016,"Delaware"
"839",23,52,2349,586,157,11709,20.06,5,26.79,6.68,2016,"Maryland"
"840",24,53,2992,909,202,16864,17.74,5.39,22.22,6.75,2016,"Washington, D.C."
"841",25,54,2721,952,183,16639,16.35,5.72,19.22,6.73,2016,"Virginia"
"842",26,55,342,831,18,18826,1.82,4.41,2.17,5.26,2016,"West Virginia"
"843",27,56,2499,1187,168,20302,12.31,5.85,14.15,6.72,2016,"North Carolina"
"844",28,57,903,774,65,13867,6.51,5.58,8.4,7.2,2016,"South Carolina"
"845",29,58,2867,1213,230,20125,14.25,6.03,18.96,8.02,2016,"Georgia"
"846",30,59,9772,2881,1078,38494,25.39,7.48,37.42,11.03,2016,"Florida"
"847",31,61,508,631,26,11477,4.43,5.5,4.12,5.12,2016,"Kentucky"
"848",32,62,1172,949,96,17108,6.85,5.55,10.12,8.19,2016,"Tennessee"
"849",33,63,790,871,34,18296,4.32,4.76,3.9,4.3,2016,"Alabama"
"850",34,64,461,781,23,16735,2.75,4.67,2.94,4.99,2016,"Mississippi"
"851",35,71,1074,830,57,16010,6.71,5.18,6.87,5.31,2016,"Arkansas"
"852",36,72,1117,1270,120,21212,5.27,5.99,9.45,10.74,2016,"Louisiana"
"853",37,73,1311,1094,92,13314,9.85,8.22,8.41,7.02,2016,"Oklahoma"
"854",38,74,12088,3286,980,51352,23.54,6.4,29.82,8.11,2016,"Texas"
"855",39,81,444,2013,48,17957,2.47,11.21,2.38,10.81,2016,"Montana"
"856",40,82,1222,1056,94,14142,8.64,7.47,8.9,7.69,2016,"Idaho"
"857",41,83,533,1187,35,13322,4,8.91,2.95,6.57,2016,"Wyoming"
"858",42,84,1498,1071,96,11334,13.22,9.45,8.96,6.41,2016,"Colorado"
"859",43,85,2284,947,155,16410,13.92,5.77,16.37,6.79,2016,"New Mexico"
"860",44,86,3001,930,235,14644,20.49,6.35,25.27,7.83,2016,"Arizona"
"861",45,87,1526,796,86,13616,11.21,5.85,10.8,5.64,2016,"Utah"
"862",46,88,2839,551,143,11365,24.98,4.85,25.95,5.04,2016,"Nevada"
"863",47,91,2774,1056,194,15980,17.36,6.61,18.37,6.99,2016,"Washington"
"864",48,92,1790,1164,130,13791,12.98,8.44,11.17,7.26,2016,"Oregon"
"865",49,93,27173,6025,2205,80670,33.68,7.47,36.6,8.11,2016,"California"
"866",50,94,1070,686,59,11628,9.2,5.9,8.6,5.51,2016,"Alaska"
"867",51,95,3173,851,183,13709,23.15,6.21,21.5,5.77,2016,"Hawaii"
"868",1,11,240,827,8,7846,3.06,10.54,0.97,3.33,2017,"Maine"
"869",2,12,896,912,81,11868,7.55,7.68,8.88,9.04,2017,"New Hampshire"
"870",3,13,499,1115,57,11123,4.49,10.02,5.11,11.42,2017,"Vermont"
"871",4,14,4103,1155,257,19085,21.5,6.05,22.25,6.26,2017,"Massachusetts"
"872",5,15,1410,466,64,8093,17.42,5.76,13.73,4.54,2017,"Rhode Island"
"873",6,16,1647,550,120,9017,18.27,6.1,21.82,7.29,2017,"Connecticut"
"874",7,21,9035,2101,538,36494,24.76,5.76,25.61,5.95,2017,"New York"
"875",8,22,4989,983,258,17562,28.41,5.6,26.25,5.17,2017,"New Jersey"
"876",9,23,2021,1401,161,24217,8.35,5.79,11.49,7.97,2017,"Pennsylvania"
"877",10,31,1036,1186,91,22689,4.57,5.23,7.67,8.78,2017,"Ohio"
"878",11,32,965,787,83,14462,6.67,5.44,10.55,8.6,2017,"Indiana"
"879",12,33,4544,1542,322,25674,17.7,6.01,20.88,7.09,2017,"Illinois"
"880",13,34,1711,1062,86,20300,8.43,5.23,8.1,5.03,2017,"Michigan"
"881",14,35,752,846,63,12165,6.18,6.95,7.45,8.38,2017,"Wisconsin"
"882",15,41,1293,877,44,11569,11.18,7.58,5.02,3.4,2017,"Minnesota"
"883",16,42,740,653,34,9723,7.61,6.72,5.21,4.59,2017,"Iowa"
"884",17,43,676,806,32,12524,5.4,6.44,3.97,4.73,2017,"Missouri"
"885",18,44,727,1210,17,13151,5.53,9.2,1.4,2.34,2017,"North Dakota"
"886",19,45,364,932,20,9657,3.77,9.65,2.15,5.49,2017,"South Dakota"
"887",20,46,1038,890,49,10684,9.72,8.33,5.51,4.72,2017,"Nebraska"
"888",21,47,1095,660,52,10981,9.97,6.01,7.88,4.75,2017,"Kansas"
"889",22,51,1204,497,79,9367,12.85,5.31,15.9,6.56,2017,"Delaware"
"890",23,52,2413,680,179,11528,20.93,5.9,26.32,7.42,2017,"Maryland"
"891",24,53,2728,843,157,16241,16.8,5.19,18.62,5.76,2017,"Washington, D.C."
"892",25,54,2950,893,206,16717,17.65,5.34,23.07,6.98,2017,"Virginia"
"893",26,55,369,819,20,18834,1.96,4.35,2.44,5.42,2017,"West Virginia"
"894",27,56,2280,1137,173,20084,11.35,5.66,15.22,7.59,2017,"North Carolina"
"895",28,57,744,725,72,13469,5.52,5.38,9.93,9.68,2017,"South Carolina"
"896",29,58,2637,1318,200,20414,12.92,6.46,15.17,7.58,2017,"Georgia"
"897",30,59,9909,2992,1106,37962,26.1,7.88,36.97,11.16,2017,"Florida"
"898",31,61,569,605,28,11265,5.05,5.37,4.63,4.92,2017,"Kentucky"
"899",32,62,1278,1101,99,17119,7.47,6.43,8.99,7.75,2017,"Tennessee"
"900",33,63,784,984,58,18223,4.3,5.4,5.89,7.4,2017,"Alabama"
"901",34,64,396,814,42,16278,2.43,5,5.16,10.61,2017,"Mississippi"
"902",35,71,1143,867,63,15979,7.15,5.43,7.27,5.51,2017,"Arkansas"
"903",36,72,1156,1308,174,20114,5.75,6.5,13.3,15.05,2017,"Louisiana"
"904",37,73,1221,983,108,12743,9.58,7.71,10.99,8.85,2017,"Oklahoma"
"905",38,74,11870,3225,975,50755,23.39,6.35,30.23,8.21,2017,"Texas"
"906",39,81,398,1781,50,16852,2.36,10.57,2.81,12.56,2017,"Montana"
"907",40,82,1241,1103,52,14041,8.84,7.86,4.71,4.19,2017,"Idaho"
"908",41,83,584,1137,40,13029,4.48,8.73,3.52,6.85,2017,"Wyoming"
"909",42,84,1466,977,96,11214,13.07,8.71,9.83,6.55,2017,"Colorado"
"910",43,85,2245,951,212,15475,14.51,6.15,22.29,9.44,2017,"New Mexico"
"911",44,86,2732,902,247,13155,20.77,6.86,27.38,9.04,2017,"Arizona"
"912",45,87,1541,886,99,13330,11.56,6.65,11.17,6.42,2017,"Utah"
"913",46,88,2711,523,127,11006,24.63,4.75,24.28,4.68,2017,"Nevada"
"914",47,91,3106,1134,255,16576,18.74,6.84,22.49,8.21,2017,"Washington"
"915",48,92,1743,1109,140,13329,13.08,8.32,12.62,8.03,2017,"Oregon"
"916",49,93,26631,5942,2198,78756,33.81,7.54,36.99,8.25,2017,"California"
"917",50,94,978,632,72,10773,9.08,5.87,11.39,7.36,2017,"Alaska"
"918",51,95,3223,800,215,13296,24.24,6.02,26.88,6.67,2017,"Hawaii"
